previous_id	name	decision	corrected_name	ontology_iri	compounds_restored
Plant_Fructus_syzygii	Fructus syzygii	reject_pharmacognosy_name			0
Plant_Chrysocephalum_ambiguum	Chrysocephalum ambiguum	rescue_ncbi_genus		http://www.semanticweb.org/orestah/ontologies/2024/9/phytotherapies#Plant_Chrysocephalum_ambiguum	96
Plant_Monteverdia_ilioppjfeowneviufheiuwfew_fgr	Monteverdia ilioppjfeowneviufheiuwfew fgr	reject_gibberish_epithet			0
Plant_Sarcophyton_sp.	Sarcophyton sp.	reject_unspecified_species			0
Plant_Phyfnnvik_eyyfn	Phyfnnvik eyyfn	reject_genus_not_in_ncbi_plants			0
Plant_Exodermis_poria	Exodermis poria	reject_genus_not_in_ncbi_plants			0
Plant_Sraitia_grosvenorii	Sraitia grosvenorii	rescue_typo_corrected	Siraitia grosvenorii	http://www.semanticweb.org/orestah/ontologies/2024/9/phytotherapies#Organism_20960	69
Plant_Fructus_schiandrae	Fructus schiandrae	reject_pharmacognosy_name			0
Plant_Monteverdia_cuzcoina	Monteverdia cuzcoina	rescue_ncbi_genus		http://www.semanticweb.org/orestah/ontologies/2024/9/phytotherapies#Plant_Monteverdia_cuzcoina	63
Plant_Stevia_satureiaefolia	Stevia satureiaefolia	rescue_ncbi_genus		http://www.semanticweb.org/orestah/ontologies/2024/9/phytotherapies#Plant_Stevia_satureiaefolia	63
Plant_Alniaria_japonica	Alniaria japonica	rescue_ncbi_genus		http://www.semanticweb.org/orestah/ontologies/2024/9/phytotherapies#Plant_Alniaria_japonica	57
Plant_Halopitys_incurvus	Halopitys incurvus	reject_genus_not_in_ncbi_plants			0
Plant_Sea_lettuce	Sea lettuce	reject_genus_not_in_ncbi_plants			0
Plant_Brickellia_veronicaefolia	Brickellia veronicaefolia	rescue_ncbi_genus		http://www.semanticweb.org/orestah/ontologies/2024/9/phytotherapies#Plant_Brickellia_veronicaefolia	53
Plant_Aca_sellowiana	Aca sellowiana	rescue_typo_corrected	Acca sellowiana	http://www.semanticweb.org/orestah/ontologies/2024/9/phytotherapies#Plant_Acca_sellowiana	52
Plant_Sideritis_lyciae	Sideritis lyciae	rescue_ncbi_genus		http://www.semanticweb.org/orestah/ontologies/2024/9/phytotherapies#Plant_Sideritis_lyciae	52
Plant_Monteverdia_retusa	Monteverdia retusa	rescue_ncbi_genus		http://www.semanticweb.org/orestah/ontologies/2024/9/phytotherapies#Plant_Monteverdia_retusa	51
Plant_Fructus_amomi	Fructus amomi	reject_pharmacognosy_name			0
Plant_Ocotea_morae	Ocotea morae	rescue_ncbi_genus		http://www.semanticweb.org/orestah/ontologies/2024/9/phytotherapies#Plant_Ocotea_morae	50
Plant_Fructus_galangae	Fructus galangae	reject_pharmacognosy_name			0
Plant_Artemisia_xanthochloa	Artemisia xanthochloa	rescue_ncbi_genus		http://www.semanticweb.org/orestah/ontologies/2024/9/phytotherapies#Plant_Artemisia_xanthochloa	46
Plant_Panax_trifoliatus	Panax trifoliatus	rescue_ncbi_genus		http://www.semanticweb.org/orestah/ontologies/2024/9/phytotherapies#Plant_Panax_trifoliatus	46
Plant_Sideritis_hispida	Sideritis hispida	rescue_ncbi_genus		http://www.semanticweb.org/orestah/ontologies/2024/9/phytotherapies#Plant_Sideritis_hispida	44
Plant_Clinopodium_barbatum	Clinopodium barbatum	rescue_ncbi_genus		http://www.semanticweb.org/orestah/ontologies/2024/9/phytotherapies#Plant_Clinopodium_barbatum	43
Plant_Artemisia_ammaniana	Artemisia ammaniana	rescue_ncbi_genus		http://www.semanticweb.org/orestah/ontologies/2024/9/phytotherapies#Plant_Artemisia_ammaniana	42
Plant_Cytotoxic_spiromamakone	Cytotoxic spiromamakone	reject_genus_not_in_ncbi_plants			0
Plant_Lychnophora_hakeaefolia	Lychnophora hakeaefolia	rescue_ncbi_genus		http://www.semanticweb.org/orestah/ontologies/2024/9/phytotherapies#Plant_Lychnophora_hakeaefolia	42
Plant_Mikania_parviflora	Mikania parviflora	rescue_ncbi_genus		http://www.semanticweb.org/orestah/ontologies/2024/9/phytotherapies#Plant_Mikania_parviflora	42
Plant_Plagiochila_yokogurensis	Plagiochila yokogurensis	rescue_ncbi_genus		http://www.semanticweb.org/orestah/ontologies/2024/9/phytotherapies#Plant_Plagiochila_yokogurensis	41
Plant_Satureja_wiedemanniana	Satureja wiedemanniana	rescue_ncbi_genus		http://www.semanticweb.org/orestah/ontologies/2024/9/phytotherapies#Plant_Satureja_wiedemanniana	41
Plant_Baccharis_rufescens	Baccharis rufescens	rescue_ncbi_genus		http://www.semanticweb.org/orestah/ontologies/2024/9/phytotherapies#Plant_Baccharis_rufescens	40
Plant_Fructus_psoraleae_corylifoliae	Fructus psoraleae corylifoliae	reject_pharmacognosy_name			0
Plant_Murraya_gleniei	Murraya gleniei	rescue_ncbi_genus		http://www.semanticweb.org/orestah/ontologies/2024/9/phytotherapies#Plant_Murraya_gleniei	40
Plant_Calea_berteriana	Calea berteriana	rescue_ncbi_genus		http://www.semanticweb.org/orestah/ontologies/2024/9/phytotherapies#Plant_Calea_berteriana	39
Plant_Cotula_cinereum	Cotula cinereum	rescue_ncbi_genus		http://www.semanticweb.org/orestah/ontologies/2024/9/phytotherapies#Plant_Cotula_cinereum	39
Plant_Millettia_vatkei	Millettia vatkei	rescue_ncbi_genus		http://www.semanticweb.org/orestah/ontologies/2024/9/phytotherapies#Plant_Millettia_vatkei	39
Plant_Solanum_incisum	Solanum incisum	rescue_ncbi_genus		http://www.semanticweb.org/orestah/ontologies/2024/9/phytotherapies#Plant_Solanum_incisum	34
Plant_Alkaloid_lycorine	Alkaloid lycorine	reject_genus_not_in_ncbi_plants			0
Plant_Euphorbia_fischeri	Euphorbia fischeri	rescue_ncbi_genus		http://www.semanticweb.org/orestah/ontologies/2024/9/phytotherapies#Plant_Euphorbia_fischeri	33
Plant_Sideritis_dichotoma	Sideritis dichotoma	rescue_ncbi_genus		http://www.semanticweb.org/orestah/ontologies/2024/9/phytotherapies#Plant_Sideritis_dichotoma	33
Plant_Zanthoxylum_chalybaeum	Zanthoxylum chalybaeum	rescue_ncbi_genus		http://www.semanticweb.org/orestah/ontologies/2024/9/phytotherapies#Plant_Zanthoxylum_chalybaeum	33
Plant_Cardiagyris_scabra	Cardiagyris scabra	reject_genus_not_in_ncbi_plants			0
Plant_Fructus_mori	Fructus mori	reject_pharmacognosy_name			0
Plant_Ceropegia_gordonii	Ceropegia gordonii	rescue_ncbi_genus		http://www.semanticweb.org/orestah/ontologies/2024/9/phytotherapies#Plant_Ceropegia_gordonii	31
Plant_Dictyosphaeria_favulosa	Dictyosphaeria favulosa	rescue_ncbi_genus		http://www.semanticweb.org/orestah/ontologies/2024/9/phytotherapies#Plant_Dictyosphaeria_favulosa	31
Plant_Fructus_choerospondiatis	Fructus choerospondiatis	reject_pharmacognosy_name			0
Plant_Colubrina_faralaotra	Colubrina faralaotra	rescue_ncbi_genus		http://www.semanticweb.org/orestah/ontologies/2024/9/phytotherapies#Plant_Colubrina_faralaotra	30
Plant_Dysoxylum_ficiforme	Dysoxylum ficiforme	rescue_ncbi_genus		http://www.semanticweb.org/orestah/ontologies/2024/9/phytotherapies#Plant_Dysoxylum_ficiforme	29
Plant_Passiflora_hybr	Passiflora hybr	rescue_ncbi_genus		http://www.semanticweb.org/orestah/ontologies/2024/9/phytotherapies#Plant_Passiflora_hybr	29
Plant_Rhamnus_nepalensis	Rhamnus nepalensis	rescue_ncbi_genus		http://www.semanticweb.org/orestah/ontologies/2024/9/phytotherapies#Plant_Rhamnus_nepalensis	29
Plant_actinomycete_sp.	actinomycete sp.	reject_unspecified_species			0
Plant_Helenium_argentinum	Helenium argentinum	rescue_ncbi_genus		http://www.semanticweb.org/orestah/ontologies/2024/9/phytotherapies#Plant_Helenium_argentinum	28
Plant_Incarvillea_diffusa	Incarvillea diffusa	rescue_ncbi_genus		http://www.semanticweb.org/orestah/ontologies/2024/9/phytotherapies#Plant_Incarvillea_diffusa	28
Plant_Eremophila_spp.	Eremophila spp.	reject_unspecified_species			0
Plant_Nidorella_elliotii	Nidorella elliotii	rescue_ncbi_genus		http://www.semanticweb.org/orestah/ontologies/2024/9/phytotherapies#Plant_Nidorella_elliotii	27
Plant_Reniera_sp.	Reniera sp.	reject_unspecified_species			0
Plant_Buxus_papilosa	Buxus papilosa	rescue_ncbi_genus		http://www.semanticweb.org/orestah/ontologies/2024/9/phytotherapies#Plant_Buxus_papilosa	26
Plant_Cinchona_robusta	Cinchona robusta	rescue_ncbi_genus		http://www.semanticweb.org/orestah/ontologies/2024/9/phytotherapies#Plant_Cinchona_robusta	26
Plant_Minthostachys_glabrescens	Minthostachys glabrescens	rescue_ncbi_genus		http://www.semanticweb.org/orestah/ontologies/2024/9/phytotherapies#Plant_Minthostachys_glabrescens	26
Plant_eDNA_sp.	eDNA sp.	reject_unspecified_species			0
Plant_Grataegus_pinnatifida	Grataegus pinnatifida	rescue_typo_corrected	Crataegus pinnatifida	http://www.semanticweb.org/orestah/ontologies/2024/9/phytotherapies#Organism_17312	25
Plant_Sophora_lehmanni	Sophora lehmanni	rescue_ncbi_genus		http://www.semanticweb.org/orestah/ontologies/2024/9/phytotherapies#Plant_Sophora_lehmanni	25
Plant_Tabernaemontana_polyneura	Tabernaemontana polyneura	rescue_ncbi_genus		http://www.semanticweb.org/orestah/ontologies/2024/9/phytotherapies#Plant_Tabernaemontana_polyneura	25
Plant_dysoxylum_binecteriferum	dysoxylum binecteriferum	rescue_ncbi_genus		http://www.semanticweb.org/orestah/ontologies/2024/9/phytotherapies#Plant_dysoxylum_binecteriferum	25
Plant_Ceropegia_mixta	Ceropegia mixta	rescue_ncbi_genus		http://www.semanticweb.org/orestah/ontologies/2024/9/phytotherapies#Plant_Ceropegia_mixta	24
Plant_Chondodendron_toxicoferum	Chondodendron toxicoferum	rescue_ncbi_genus		http://www.semanticweb.org/orestah/ontologies/2024/9/phytotherapies#Plant_Chondodendron_toxicoferum	24
Plant_Folium_perillae	Folium perillae	reject_pharmacognosy_name			0
Plant_Fructus_xanthii_sibirici	Fructus xanthii sibirici	reject_pharmacognosy_name			0
Plant_Trichogonia_salviaefolia	Trichogonia salviaefolia	rescue_ncbi_genus		http://www.semanticweb.org/orestah/ontologies/2024/9/phytotherapies#Plant_Trichogonia_salviaefolia	24
Plant_Psorospermum_laurentii	Psorospermum laurentii	rescue_ncbi_genus		http://www.semanticweb.org/orestah/ontologies/2024/9/phytotherapies#Plant_Psorospermum_laurentii	23
Plant_Chartolepis_glastifolia	Chartolepis glastifolia	rescue_ncbi_genus		http://www.semanticweb.org/orestah/ontologies/2024/9/phytotherapies#Plant_Chartolepis_glastifolia	22
Plant_Monosis_parishii	Monosis parishii	rescue_ncbi_genus		http://www.semanticweb.org/orestah/ontologies/2024/9/phytotherapies#Plant_Monosis_parishii	22
Plant_Polysaccharidum_versicolor	Polysaccharidum versicolor	reject_genus_not_in_ncbi_plants			0
Plant_Vernonanthura_montevidensis	Vernonanthura montevidensis	rescue_ncbi_genus		http://www.semanticweb.org/orestah/ontologies/2024/9/phytotherapies#Plant_Vernonanthura_montevidensis	22
Plant_Astragalus_huetii	Astragalus huetii	rescue_ncbi_genus		http://www.semanticweb.org/orestah/ontologies/2024/9/phytotherapies#Plant_Astragalus_huetii	21
Plant_Dieffenbachia_reginae	Dieffenbachia reginae	rescue_ncbi_genus		http://www.semanticweb.org/orestah/ontologies/2024/9/phytotherapies#Plant_Dieffenbachia_reginae	21
Plant_Fructus_terminaliae_billericae	Fructus terminaliae billericae	reject_pharmacognosy_name			0
Plant_Isodon_sinuolata	Isodon sinuolata	rescue_ncbi_genus		http://www.semanticweb.org/orestah/ontologies/2024/9/phytotherapies#Plant_Isodon_sinuolata	21
Plant_Quercus_lanceaefolia	Quercus lanceaefolia	rescue_ncbi_genus		http://www.semanticweb.org/orestah/ontologies/2024/9/phytotherapies#Plant_Quercus_lanceaefolia	21
Plant_Sideritis_amasiaca	Sideritis amasiaca	rescue_ncbi_genus		http://www.semanticweb.org/orestah/ontologies/2024/9/phytotherapies#Plant_Sideritis_amasiaca	21
Plant_Stevia_jujuyensis	Stevia jujuyensis	rescue_ncbi_genus		http://www.semanticweb.org/orestah/ontologies/2024/9/phytotherapies#Plant_Stevia_jujuyensis	21
Plant_Tilia_rubra	Tilia rubra	rescue_ncbi_genus		http://www.semanticweb.org/orestah/ontologies/2024/9/phytotherapies#Plant_Tilia_rubra	21
Plant_Aldama_tucumanensis	Aldama tucumanensis	rescue_ncbi_genus		http://www.semanticweb.org/orestah/ontologies/2024/9/phytotherapies#Plant_Aldama_tucumanensis	20
Plant_Anarthrophyllum_andicolum	Anarthrophyllum andicolum	rescue_ncbi_genus		http://www.semanticweb.org/orestah/ontologies/2024/9/phytotherapies#Plant_Anarthrophyllum_andicolum	20
Plant_Baccharis_gnidiifolia	Baccharis gnidiifolia	rescue_ncbi_genus		http://www.semanticweb.org/orestah/ontologies/2024/9/phytotherapies#Plant_Baccharis_gnidiifolia	20
Plant_Delphinium_stapeliosum	Delphinium stapeliosum	rescue_ncbi_genus		http://www.semanticweb.org/orestah/ontologies/2024/9/phytotherapies#Plant_Delphinium_stapeliosum	20
Plant_Fructus_hippophae	Fructus hippophae	reject_pharmacognosy_name			0
Plant_Origanum_adanense	Origanum adanense	rescue_ncbi_genus		http://www.semanticweb.org/orestah/ontologies/2024/9/phytotherapies#Plant_Origanum_adanense	20
Plant_Origanum_intercedens	Origanum intercedens	rescue_ncbi_genus		http://www.semanticweb.org/orestah/ontologies/2024/9/phytotherapies#Plant_Origanum_intercedens	20
Plant_Senecio_alcicornis	Senecio alcicornis	rescue_ncbi_genus		http://www.semanticweb.org/orestah/ontologies/2024/9/phytotherapies#Plant_Senecio_alcicornis	20
Plant_Senecio_duriaei	Senecio duriaei	rescue_ncbi_genus		http://www.semanticweb.org/orestah/ontologies/2024/9/phytotherapies#Plant_Senecio_duriaei	20
Plant_jungermannia_fauriana	jungermannia fauriana	rescue_ncbi_genus		http://www.semanticweb.org/orestah/ontologies/2024/9/phytotherapies#Plant_jungermannia_fauriana	20
Plant_Carex_unciniiformis	Carex unciniiformis	rescue_ncbi_genus		http://www.semanticweb.org/orestah/ontologies/2024/9/phytotherapies#Plant_Carex_unciniiformis	19
Plant_Corydalis_vernyi	Corydalis vernyi	rescue_ncbi_genus		http://www.semanticweb.org/orestah/ontologies/2024/9/phytotherapies#Plant_Corydalis_vernyi	19
Plant_Fructus_evodiae	Fructus evodiae	reject_pharmacognosy_name			0
Plant_Gymnosporia_oxyphylla	Gymnosporia oxyphylla	rescue_ncbi_genus		http://www.semanticweb.org/orestah/ontologies/2024/9/phytotherapies#Plant_Gymnosporia_oxyphylla	19
Plant_Myrcia_tricona	Myrcia tricona	rescue_ncbi_genus		http://www.semanticweb.org/orestah/ontologies/2024/9/phytotherapies#Plant_Myrcia_tricona	19
Plant_Sideritis_paulii	Sideritis paulii	rescue_ncbi_genus		http://www.semanticweb.org/orestah/ontologies/2024/9/phytotherapies#Plant_Sideritis_paulii	19
Plant_Strobilanthes_psilostachys	Strobilanthes psilostachys	rescue_ncbi_genus		http://www.semanticweb.org/orestah/ontologies/2024/9/phytotherapies#Plant_Strobilanthes_psilostachys	19
Plant_Dendronephtya_sp.	Dendronephtya sp.	reject_unspecified_species			0
Plant_Epilobium_prantlii	Epilobium prantlii	rescue_ncbi_genus		http://www.semanticweb.org/orestah/ontologies/2024/9/phytotherapies#Plant_Epilobium_prantlii	18
Plant_Erythrina_eriotriocha	Erythrina eriotriocha	rescue_ncbi_genus		http://www.semanticweb.org/orestah/ontologies/2024/9/phytotherapies#Plant_Erythrina_eriotriocha	18
Plant_Machilus_parviflora	Machilus parviflora	rescue_ncbi_genus		http://www.semanticweb.org/orestah/ontologies/2024/9/phytotherapies#Plant_Machilus_parviflora	18
Plant_Malagasy_connaraceous	Malagasy connaraceous	rescue_ncbi_genus		http://www.semanticweb.org/orestah/ontologies/2024/9/phytotherapies#Plant_Malagasy_connaraceous	18
Plant_Tabernaemontana_mocquerysii	Tabernaemontana mocquerysii	rescue_ncbi_genus		http://www.semanticweb.org/orestah/ontologies/2024/9/phytotherapies#Plant_Tabernaemontana_mocquerysii	18
Plant_Wedelia_floribunda	Wedelia floribunda	rescue_ncbi_genus		http://www.semanticweb.org/orestah/ontologies/2024/9/phytotherapies#Plant_Wedelia_floribunda	18
Plant_Acanthella_sp.	Acanthella sp.	reject_unspecified_species			0
Plant_Corydalis_caucasia	Corydalis caucasia	rescue_ncbi_genus		http://www.semanticweb.org/orestah/ontologies/2024/9/phytotherapies#Plant_Corydalis_caucasia	17
Plant_Ferulago_lutea	Ferulago lutea	rescue_ncbi_genus		http://www.semanticweb.org/orestah/ontologies/2024/9/phytotherapies#Plant_Ferulago_lutea	17
Plant_Folium_pini	Folium pini	reject_pharmacognosy_name			0
Plant_Frullania_probosciphora	Frullania probosciphora	rescue_ncbi_genus		http://www.semanticweb.org/orestah/ontologies/2024/9/phytotherapies#Plant_Frullania_probosciphora	17
Plant_Licania_cariae	Licania cariae	rescue_ncbi_genus		http://www.semanticweb.org/orestah/ontologies/2024/9/phytotherapies#Plant_Licania_cariae	17
Plant_Mikania_arrojadoi	Mikania arrojadoi	rescue_ncbi_genus		http://www.semanticweb.org/orestah/ontologies/2024/9/phytotherapies#Plant_Mikania_arrojadoi	17
Plant_Moquilea_cariae	Moquilea cariae	rescue_ncbi_genus		http://www.semanticweb.org/orestah/ontologies/2024/9/phytotherapies#Plant_Moquilea_cariae	17
Plant_Senecio_cinerarius	Senecio cinerarius	rescue_ncbi_genus		http://www.semanticweb.org/orestah/ontologies/2024/9/phytotherapies#Plant_Senecio_cinerarius	17
Plant_Senecio_heterotrichus	Senecio heterotrichus	rescue_ncbi_genus		http://www.semanticweb.org/orestah/ontologies/2024/9/phytotherapies#Plant_Senecio_heterotrichus	17
Plant_Alstonia_mollis	Alstonia mollis	rescue_ncbi_genus		http://www.semanticweb.org/orestah/ontologies/2024/9/phytotherapies#Plant_Alstonia_mollis	16
Plant_Croton_lacciferus	Croton lacciferus	rescue_ncbi_genus		http://www.semanticweb.org/orestah/ontologies/2024/9/phytotherapies#Plant_Croton_lacciferus	16
Plant_Enicosanthum_acuminatum	Enicosanthum acuminatum	rescue_ncbi_genus		http://www.semanticweb.org/orestah/ontologies/2024/9/phytotherapies#Plant_Enicosanthum_acuminatum	16
Plant_Fleischmannia_prasiifolia	Fleischmannia prasiifolia	rescue_ncbi_genus		http://www.semanticweb.org/orestah/ontologies/2024/9/phytotherapies#Plant_Fleischmannia_prasiifolia	16
Plant_Isodon_adenantha	Isodon adenantha	rescue_ncbi_genus		http://www.semanticweb.org/orestah/ontologies/2024/9/phytotherapies#Plant_Isodon_adenantha	16
Plant_Lndigofera_tinctoria	Lndigofera tinctoria	rescue_typo_corrected	Indigofera tinctoria	http://www.semanticweb.org/orestah/ontologies/2024/9/phytotherapies#Organism_1849	16
Plant_Macaranga_pleiostemona	Macaranga pleiostemona	rescue_ncbi_genus		http://www.semanticweb.org/orestah/ontologies/2024/9/phytotherapies#Plant_Macaranga_pleiostemona	16
Plant_Melissa_sp.	Melissa sp.	reject_unspecified_species			0
Plant_Mikania_rimachii	Mikania rimachii	rescue_ncbi_genus		http://www.semanticweb.org/orestah/ontologies/2024/9/phytotherapies#Plant_Mikania_rimachii	16
Plant_Ozothamnus_bilobus	Ozothamnus bilobus	rescue_ncbi_genus		http://www.semanticweb.org/orestah/ontologies/2024/9/phytotherapies#Plant_Ozothamnus_bilobus	16
Plant_Platycelyphium_voensis	Platycelyphium voensis	rescue_ncbi_genus		http://www.semanticweb.org/orestah/ontologies/2024/9/phytotherapies#Plant_Platycelyphium_voensis	16
Plant_Psorospermum_guineense	Psorospermum guineense	rescue_ncbi_genus		http://www.semanticweb.org/orestah/ontologies/2024/9/phytotherapies#Plant_Psorospermum_guineense	16
Plant_Pyrolirion_flavum	Pyrolirion flavum	rescue_ncbi_genus		http://www.semanticweb.org/orestah/ontologies/2024/9/phytotherapies#Plant_Pyrolirion_flavum	16
Plant_Teucrium_wightii	Teucrium wightii	rescue_ncbi_genus		http://www.semanticweb.org/orestah/ontologies/2024/9/phytotherapies#Plant_Teucrium_wightii	16
Plant_Vicoa_divaricata	Vicoa divaricata	rescue_ncbi_genus		http://www.semanticweb.org/orestah/ontologies/2024/9/phytotherapies#Plant_Vicoa_divaricata	16
Plant_lineariifolia_turcz	lineariifolia turcz	reject_genus_not_in_ncbi_plants			0
Plant_Acanthella_klethra	Acanthella klethra	rescue_ncbi_genus		http://www.semanticweb.org/orestah/ontologies/2024/9/phytotherapies#Plant_Acanthella_klethra	15
Plant_Aconitum_mokchangense	Aconitum mokchangense	rescue_ncbi_genus		http://www.semanticweb.org/orestah/ontologies/2024/9/phytotherapies#Plant_Aconitum_mokchangense	15
Plant_Aioliomyces_pyridodomos	Aioliomyces pyridodomos	reject_genus_not_in_ncbi_plants			0
Plant_Cephalanceropsis_gracilis	Cephalanceropsis gracilis	reject_genus_not_in_ncbi_plants			0
Plant_Crotone_hieronymi	Crotone hieronymi	rescue_typo_corrected	Croton hieronymi	http://www.semanticweb.org/orestah/ontologies/2024/9/phytotherapies#Organism_7548	15
Plant_Elaeodendron_balae	Elaeodendron balae	rescue_ncbi_genus		http://www.semanticweb.org/orestah/ontologies/2024/9/phytotherapies#Plant_Elaeodendron_balae	15
Plant_Glycosmis_cyanocarpa	Glycosmis cyanocarpa	rescue_ncbi_genus		http://www.semanticweb.org/orestah/ontologies/2024/9/phytotherapies#Plant_Glycosmis_cyanocarpa	15
Plant_Lethedon_tannaensis	Lethedon tannaensis	rescue_ncbi_genus		http://www.semanticweb.org/orestah/ontologies/2024/9/phytotherapies#Plant_Lethedon_tannaensis	15
Plant_Lethedon_tannensis	Lethedon tannensis	rescue_ncbi_genus		http://www.semanticweb.org/orestah/ontologies/2024/9/phytotherapies#Plant_Lethedon_tannensis	15
Plant_Marila_podantha	Marila podantha	rescue_ncbi_genus		http://www.semanticweb.org/orestah/ontologies/2024/9/phytotherapies#Plant_Marila_podantha	15
Plant_Melodinus_philliraeoides	Melodinus philliraeoides	rescue_ncbi_genus		http://www.semanticweb.org/orestah/ontologies/2024/9/phytotherapies#Plant_Melodinus_philliraeoides	15
Plant_Ornduffia_reniformis	Ornduffia reniformis	rescue_ncbi_genus		http://www.semanticweb.org/orestah/ontologies/2024/9/phytotherapies#Plant_Ornduffia_reniformis	15
Plant_Phaseolus_spp.	Phaseolus spp.	reject_unspecified_species			0
Plant_Wedelia_silphioides	Wedelia silphioides	rescue_ncbi_genus		http://www.semanticweb.org/orestah/ontologies/2024/9/phytotherapies#Plant_Wedelia_silphioides	15
Plant_Gama_farinosum	Gama farinosum	reject_genus_not_in_ncbi_plants			0
Plant_Garcina_xipshuanbannaensis	Garcina xipshuanbannaensis	rescue_typo_corrected	Garcinia xipshuanbannaensis	http://www.semanticweb.org/orestah/ontologies/2024/9/phytotherapies#Organism_45031	14
Plant_Massa_fermentata	Massa fermentata	reject_genus_not_in_ncbi_plants			0
Plant_Ophryosporus_lorentzii	Ophryosporus lorentzii	rescue_ncbi_genus		http://www.semanticweb.org/orestah/ontologies/2024/9/phytotherapies#Plant_Ophryosporus_lorentzii	14
Plant_Parthenium_lozanianum	Parthenium lozanianum	rescue_ncbi_genus		http://www.semanticweb.org/orestah/ontologies/2024/9/phytotherapies#Plant_Parthenium_lozanianum	14
Plant_Pearsonia_flava	Pearsonia flava	rescue_ncbi_genus		http://www.semanticweb.org/orestah/ontologies/2024/9/phytotherapies#Plant_Pearsonia_flava	14
Plant_Plastrum_testudinis	Plastrum testudinis	reject_genus_not_in_ncbi_plants			0
Plant_Protium_tonkinense	Protium tonkinense	rescue_ncbi_genus		http://www.semanticweb.org/orestah/ontologies/2024/9/phytotherapies#Plant_Protium_tonkinense	14
Plant_Pterospermum_lanceolatum	Pterospermum lanceolatum	rescue_ncbi_genus		http://www.semanticweb.org/orestah/ontologies/2024/9/phytotherapies#Plant_Pterospermum_lanceolatum	14
Plant_Sarcophyton_stolidotum	Sarcophyton stolidotum	rescue_ncbi_genus		http://www.semanticweb.org/orestah/ontologies/2024/9/phytotherapies#Plant_Sarcophyton_stolidotum	14
Plant_Stemona_cf._pierrei	Stemona cf. pierrei	reject_unspecified_species			0
Plant_Stevia_vaga	Stevia vaga	rescue_ncbi_genus		http://www.semanticweb.org/orestah/ontologies/2024/9/phytotherapies#Plant_Stevia_vaga	14
Plant_Tovomita_krukovii	Tovomita krukovii	rescue_ncbi_genus		http://www.semanticweb.org/orestah/ontologies/2024/9/phytotherapies#Plant_Tovomita_krukovii	14
Plant_zedoariae_rhizoma	zedoariae rhizoma	reject_genus_not_in_ncbi_plants			0
Plant_Amsinckia_lycopsioides	Amsinckia lycopsioides	rescue_ncbi_genus		http://www.semanticweb.org/orestah/ontologies/2024/9/phytotherapies#Plant_Amsinckia_lycopsioides	13
Plant_Aria_elegans	Aria elegans	rescue_ncbi_genus		http://www.semanticweb.org/orestah/ontologies/2024/9/phytotherapies#Plant_Aria_elegans	13
Plant_Arnicratea_grahamii	Arnicratea grahamii	rescue_ncbi_genus		http://www.semanticweb.org/orestah/ontologies/2024/9/phytotherapies#Plant_Arnicratea_grahamii	13
Plant_Citrus_shunkokan	Citrus shunkokan	rescue_ncbi_genus		http://www.semanticweb.org/orestah/ontologies/2024/9/phytotherapies#Plant_Citrus_shunkokan	13
Plant_Clerodendrum_scandens	Clerodendrum scandens	rescue_ncbi_genus		http://www.semanticweb.org/orestah/ontologies/2024/9/phytotherapies#Plant_Clerodendrum_scandens	13
Plant_Croton_aromaticus	Croton aromaticus	rescue_ncbi_genus		http://www.semanticweb.org/orestah/ontologies/2024/9/phytotherapies#Plant_Croton_aromaticus	13
Plant_Fructus_anisi_stellati	Fructus anisi stellati	reject_pharmacognosy_name			0
Plant_Frullania_convoluta	Frullania convoluta	rescue_ncbi_genus		http://www.semanticweb.org/orestah/ontologies/2024/9/phytotherapies#Plant_Frullania_convoluta	13
Plant_Lathyrus_spp.	Lathyrus spp.	reject_unspecified_species			0
Plant_Onopordum_macrocanthum	Onopordum macrocanthum	rescue_ncbi_genus		http://www.semanticweb.org/orestah/ontologies/2024/9/phytotherapies#Plant_Onopordum_macrocanthum	13
Plant_Onopordum_myriacanthum	Onopordum myriacanthum	rescue_ncbi_genus		http://www.semanticweb.org/orestah/ontologies/2024/9/phytotherapies#Plant_Onopordum_myriacanthum	13
Plant_Thapsia_nitida	Thapsia nitida	rescue_ncbi_genus		http://www.semanticweb.org/orestah/ontologies/2024/9/phytotherapies#Plant_Thapsia_nitida	13
Plant_Thecocarpus_carvifolius	Thecocarpus carvifolius	rescue_ncbi_genus		http://www.semanticweb.org/orestah/ontologies/2024/9/phytotherapies#Plant_Thecocarpus_carvifolius	13
Plant_Vepris_tabouensis	Vepris tabouensis	rescue_ncbi_genus		http://www.semanticweb.org/orestah/ontologies/2024/9/phytotherapies#Plant_Vepris_tabouensis	13
Plant_Vismia_micrantha	Vismia micrantha	rescue_ncbi_genus		http://www.semanticweb.org/orestah/ontologies/2024/9/phytotherapies#Plant_Vismia_micrantha	13
Plant_Wedelia_bishoplecta	Wedelia bishoplecta	rescue_ncbi_genus		http://www.semanticweb.org/orestah/ontologies/2024/9/phytotherapies#Plant_Wedelia_bishoplecta	13
Plant_Baccharis_intermedia	Baccharis intermedia	rescue_ncbi_genus		http://www.semanticweb.org/orestah/ontologies/2024/9/phytotherapies#Plant_Baccharis_intermedia	12
Plant_Ceropegia_retrospiciens	Ceropegia retrospiciens	rescue_ncbi_genus		http://www.semanticweb.org/orestah/ontologies/2024/9/phytotherapies#Plant_Ceropegia_retrospiciens	12
Plant_Dens_draconis_preparata	Dens draconis preparata	reject_genus_not_in_ncbi_plants			0
Plant_Diosma_acmaephylla	Diosma acmaephylla	rescue_ncbi_genus		http://www.semanticweb.org/orestah/ontologies/2024/9/phytotherapies#Plant_Diosma_acmaephylla	12
Plant_Dizygotheca_kerchoveana	Dizygotheca kerchoveana	rescue_ncbi_genus		http://www.semanticweb.org/orestah/ontologies/2024/9/phytotherapies#Plant_Dizygotheca_kerchoveana	12
Plant_Fructus_caryophylli	Fructus caryophylli	reject_pharmacognosy_name			0
Plant_Fructus_perillae	Fructus perillae	reject_pharmacognosy_name			0
Plant_Herreania_sp.	Herreania sp.	reject_unspecified_species			0
Plant_Hijikia_fusiforme	Hijikia fusiforme	reject_genus_not_in_ncbi_plants			0
Plant_Jungermannia_atrobrunnea	Jungermannia atrobrunnea	rescue_ncbi_genus		http://www.semanticweb.org/orestah/ontologies/2024/9/phytotherapies#Plant_Jungermannia_atrobrunnea	12
Plant_Mentzelia_cordifolia	Mentzelia cordifolia	rescue_ncbi_genus		http://www.semanticweb.org/orestah/ontologies/2024/9/phytotherapies#Plant_Mentzelia_cordifolia	12
Plant_Ocotea_vellosiana	Ocotea vellosiana	rescue_ncbi_genus		http://www.semanticweb.org/orestah/ontologies/2024/9/phytotherapies#Plant_Ocotea_vellosiana	12
Plant_Petalostemum_purpureum	Petalostemum purpureum	reject_genus_not_in_ncbi_plants			0
Plant_Psiadia_ceylanica	Psiadia ceylanica	rescue_ncbi_genus		http://www.semanticweb.org/orestah/ontologies/2024/9/phytotherapies#Plant_Psiadia_ceylanica	12
Plant_Rhamuron_balansae	Rhamuron balansae	reject_genus_not_in_ncbi_plants			0
Plant_Semenovia_candicans	Semenovia candicans	rescue_ncbi_genus		http://www.semanticweb.org/orestah/ontologies/2024/9/phytotherapies#Plant_Semenovia_candicans	12
Plant_Vincetoxicum_changqinianum	Vincetoxicum changqinianum	rescue_ncbi_genus		http://www.semanticweb.org/orestah/ontologies/2024/9/phytotherapies#Plant_Vincetoxicum_changqinianum	12
Plant_Vincetoxicum_mukdenense	Vincetoxicum mukdenense	rescue_ncbi_genus		http://www.semanticweb.org/orestah/ontologies/2024/9/phytotherapies#Plant_Vincetoxicum_mukdenense	12
Plant_heteroplexis_micocephala	heteroplexis micocephala	rescue_ncbi_genus		http://www.semanticweb.org/orestah/ontologies/2024/9/phytotherapies#Plant_heteroplexis_micocephala	12
Plant_latrunculid_sponges	latrunculid sponges	reject_genus_not_in_ncbi_plants			0
Plant_Arctomecon_humile	Arctomecon humile	rescue_ncbi_genus		http://www.semanticweb.org/orestah/ontologies/2024/9/phytotherapies#Plant_Arctomecon_humile	11
Plant_Asarum_hatushimae	Asarum hatushimae	rescue_ncbi_genus		http://www.semanticweb.org/orestah/ontologies/2024/9/phytotherapies#Plant_Asarum_hatushimae	11
Plant_Chrozophora_brocchiana	Chrozophora brocchiana	rescue_ncbi_genus		http://www.semanticweb.org/orestah/ontologies/2024/9/phytotherapies#Plant_Chrozophora_brocchiana	11
Plant_Citrus_canariculata	Citrus canariculata	rescue_ncbi_genus		http://www.semanticweb.org/orestah/ontologies/2024/9/phytotherapies#Plant_Citrus_canariculata	11
Plant_Clutia_lanceolata	Clutia lanceolata	rescue_ncbi_genus		http://www.semanticweb.org/orestah/ontologies/2024/9/phytotherapies#Plant_Clutia_lanceolata	11
Plant_Croton_arboreous	Croton arboreous	rescue_ncbi_genus		http://www.semanticweb.org/orestah/ontologies/2024/9/phytotherapies#Plant_Croton_arboreous	11
Plant_Croton_essequiboensis	Croton essequiboensis	rescue_ncbi_genus		http://www.semanticweb.org/orestah/ontologies/2024/9/phytotherapies#Plant_Croton_essequiboensis	11
Plant_Dendrophthoe_longiflora	Dendrophthoe longiflora	rescue_ncbi_genus		http://www.semanticweb.org/orestah/ontologies/2024/9/phytotherapies#Plant_Dendrophthoe_longiflora	11
Plant_Escinops_ellenbeckii	Escinops ellenbeckii	reject_genus_not_in_ncbi_plants			0
Plant_Folium_callicarpae_nudiflorae	Folium callicarpae nudiflorae	reject_pharmacognosy_name			0
Plant_Fructus_ligustri_lucidi	Fructus ligustri lucidi	reject_pharmacognosy_name			0
Plant_Frullania_media	Frullania media	rescue_ncbi_genus		http://www.semanticweb.org/orestah/ontologies/2024/9/phytotherapies#Plant_Frullania_media	11
Plant_Grewia_damine	Grewia damine	rescue_ncbi_genus		http://www.semanticweb.org/orestah/ontologies/2024/9/phytotherapies#Plant_Grewia_damine	11
Plant_Helichrysum_graveolen	Helichrysum graveolen	rescue_ncbi_genus		http://www.semanticweb.org/orestah/ontologies/2024/9/phytotherapies#Plant_Helichrysum_graveolen	11
Plant_Licaria_puchuri-major	Licaria puchuri-major	rescue_ncbi_genus		http://www.semanticweb.org/orestah/ontologies/2024/9/phytotherapies#Plant_Licaria_puchuri-major	11
Plant_Melaleuca_lutea	Melaleuca lutea	rescue_ncbi_genus		http://www.semanticweb.org/orestah/ontologies/2024/9/phytotherapies#Plant_Melaleuca_lutea	11
Plant_Monteverdia_krukovii	Monteverdia krukovii	rescue_ncbi_genus		http://www.semanticweb.org/orestah/ontologies/2024/9/phytotherapies#Plant_Monteverdia_krukovii	11
Plant_Myrcia_hedraiophylla	Myrcia hedraiophylla	rescue_ncbi_genus		http://www.semanticweb.org/orestah/ontologies/2024/9/phytotherapies#Plant_Myrcia_hedraiophylla	11
Plant_Ochna_gamblei	Ochna gamblei	rescue_ncbi_genus		http://www.semanticweb.org/orestah/ontologies/2024/9/phytotherapies#Plant_Ochna_gamblei	11
Plant_Oncostemon_bojerianum	Oncostemon bojerianum	reject_genus_not_in_ncbi_plants			0
Plant_Salvia_ianthina	Salvia ianthina	rescue_ncbi_genus		http://www.semanticweb.org/orestah/ontologies/2024/9/phytotherapies#Plant_Salvia_ianthina	11
Plant_Solanum_panduraeforme	Solanum panduraeforme	rescue_ncbi_genus		http://www.semanticweb.org/orestah/ontologies/2024/9/phytotherapies#Plant_Solanum_panduraeforme	11
Plant_Stauntonia_angustifolia	Stauntonia angustifolia	rescue_ncbi_genus		http://www.semanticweb.org/orestah/ontologies/2024/9/phytotherapies#Plant_Stauntonia_angustifolia	11
Plant_Stevia_stricta	Stevia stricta	rescue_ncbi_genus		http://www.semanticweb.org/orestah/ontologies/2024/9/phytotherapies#Plant_Stevia_stricta	11
Plant_Tarenna_ebracteata	Tarenna ebracteata	rescue_ncbi_genus		http://www.semanticweb.org/orestah/ontologies/2024/9/phytotherapies#Plant_Tarenna_ebracteata	11
Plant_druinella_sp.	druinella sp.	reject_unspecified_species			0
Plant_hydrangeae_dulcis_folium	hydrangeae dulcis folium	reject_genus_not_in_ncbi_plants			0
Plant_Ammothamnus_songoricus	Ammothamnus songoricus	rescue_ncbi_genus		http://www.semanticweb.org/orestah/ontologies/2024/9/phytotherapies#Plant_Ammothamnus_songoricus	10
Plant_Andrographis_ceylanica	Andrographis ceylanica	rescue_ncbi_genus		http://www.semanticweb.org/orestah/ontologies/2024/9/phytotherapies#Plant_Andrographis_ceylanica	10
Plant_Bouchea_pseudogervao	Bouchea pseudogervao	rescue_ncbi_genus		http://www.semanticweb.org/orestah/ontologies/2024/9/phytotherapies#Plant_Bouchea_pseudogervao	10
Plant_Carapax_trionycis	Carapax trionycis	reject_genus_not_in_ncbi_plants			0
Plant_Chrysanthemum_cineraiaefolium	Chrysanthemum cineraiaefolium	rescue_ncbi_genus		http://www.semanticweb.org/orestah/ontologies/2024/9/phytotherapies#Plant_Chrysanthemum_cineraiaefolium	10
Plant_Corydalis_hsuchowensis	Corydalis hsuchowensis	rescue_ncbi_genus		http://www.semanticweb.org/orestah/ontologies/2024/9/phytotherapies#Plant_Corydalis_hsuchowensis	10
Plant_Corydalis_thyrsifolia	Corydalis thyrsifolia	rescue_ncbi_genus		http://www.semanticweb.org/orestah/ontologies/2024/9/phytotherapies#Plant_Corydalis_thyrsifolia	10
Plant_Diplosoma_sp.	Diplosoma sp.	reject_unspecified_species			0
Plant_Dorstenia_poinsettifolia	Dorstenia poinsettifolia	rescue_ncbi_genus		http://www.semanticweb.org/orestah/ontologies/2024/9/phytotherapies#Plant_Dorstenia_poinsettifolia	10
Plant_Eremanthus_pohlii	Eremanthus pohlii	rescue_ncbi_genus		http://www.semanticweb.org/orestah/ontologies/2024/9/phytotherapies#Plant_Eremanthus_pohlii	10
Plant_Erythrina_spp.	Erythrina spp.	reject_unspecified_species			0
Plant_Eucalyptus_oviformis	Eucalyptus oviformis	rescue_ncbi_genus		http://www.semanticweb.org/orestah/ontologies/2024/9/phytotherapies#Plant_Eucalyptus_oviformis	10
Plant_Fructus_kochiae	Fructus kochiae	reject_pharmacognosy_name			0
Plant_Leucobryum_neilgherrense	Leucobryum neilgherrense	rescue_ncbi_genus		http://www.semanticweb.org/orestah/ontologies/2024/9/phytotherapies#Plant_Leucobryum_neilgherrense	10
Plant_Lychnocephalus_sellovii	Lychnocephalus sellovii	rescue_ncbi_genus		http://www.semanticweb.org/orestah/ontologies/2024/9/phytotherapies#Plant_Lychnocephalus_sellovii	10
Plant_Mikania_stipulacea	Mikania stipulacea	rescue_ncbi_genus		http://www.semanticweb.org/orestah/ontologies/2024/9/phytotherapies#Plant_Mikania_stipulacea	10
Plant_Neocheiropteris_fortunei	Neocheiropteris fortunei	rescue_ncbi_genus		http://www.semanticweb.org/orestah/ontologies/2024/9/phytotherapies#Plant_Neocheiropteris_fortunei	10
Plant_Odyendyea_klaineana	Odyendyea klaineana	rescue_ncbi_genus		http://www.semanticweb.org/orestah/ontologies/2024/9/phytotherapies#Plant_Odyendyea_klaineana	10
Plant_Oenothera_striata	Oenothera striata	rescue_ncbi_genus		http://www.semanticweb.org/orestah/ontologies/2024/9/phytotherapies#Plant_Oenothera_striata	10
Plant_Orbivestus_leopoldii	Orbivestus leopoldii	rescue_ncbi_genus		http://www.semanticweb.org/orestah/ontologies/2024/9/phytotherapies#Plant_Orbivestus_leopoldii	10
Plant_Paliurus_racemosus	Paliurus racemosus	rescue_ncbi_genus		http://www.semanticweb.org/orestah/ontologies/2024/9/phytotherapies#Plant_Paliurus_racemosus	10
Plant_Pappobolus_acutifolius	Pappobolus acutifolius	rescue_ncbi_genus		http://www.semanticweb.org/orestah/ontologies/2024/9/phytotherapies#Plant_Pappobolus_acutifolius	10
Plant_Rhodostemonodaphne_miranda	Rhodostemonodaphne miranda	rescue_ncbi_genus		http://www.semanticweb.org/orestah/ontologies/2024/9/phytotherapies#Plant_Rhodostemonodaphne_miranda	10
Plant_Sapium_rigidifolium	Sapium rigidifolium	rescue_ncbi_genus		http://www.semanticweb.org/orestah/ontologies/2024/9/phytotherapies#Plant_Sapium_rigidifolium	10
Plant_Scilla_sodalicia	Scilla sodalicia	rescue_ncbi_genus		http://www.semanticweb.org/orestah/ontologies/2024/9/phytotherapies#Plant_Scilla_sodalicia	10
Plant_Scorzoneroides_atlantica	Scorzoneroides atlantica	rescue_ncbi_genus		http://www.semanticweb.org/orestah/ontologies/2024/9/phytotherapies#Plant_Scorzoneroides_atlantica	10
Plant_Senecio_macrotis	Senecio macrotis	rescue_ncbi_genus		http://www.semanticweb.org/orestah/ontologies/2024/9/phytotherapies#Plant_Senecio_macrotis	10
Plant_Sideritis_ibanezii	Sideritis ibanezii	rescue_ncbi_genus		http://www.semanticweb.org/orestah/ontologies/2024/9/phytotherapies#Plant_Sideritis_ibanezii	10
Plant_Sideritis_stricta	Sideritis stricta	rescue_ncbi_genus		http://www.semanticweb.org/orestah/ontologies/2024/9/phytotherapies#Plant_Sideritis_stricta	10
Plant_Smallanthus_macvaughii	Smallanthus macvaughii	rescue_ncbi_genus		http://www.semanticweb.org/orestah/ontologies/2024/9/phytotherapies#Plant_Smallanthus_macvaughii	10
Plant_Stellera_sp.	Stellera sp.	reject_unspecified_species			0
Plant_Symphyotrichum_patagonicum	Symphyotrichum patagonicum	rescue_ncbi_genus		http://www.semanticweb.org/orestah/ontologies/2024/9/phytotherapies#Plant_Symphyotrichum_patagonicum	10
Plant_Tessaria_dodoneifolia	Tessaria dodoneifolia	rescue_ncbi_genus		http://www.semanticweb.org/orestah/ontologies/2024/9/phytotherapies#Plant_Tessaria_dodoneifolia	10
Plant_Thermal_degraded_product	Thermal degraded product	reject_genus_not_in_ncbi_plants			0
Plant_Trichocline_sinuata	Trichocline sinuata	rescue_ncbi_genus		http://www.semanticweb.org/orestah/ontologies/2024/9/phytotherapies#Plant_Trichocline_sinuata	10
Plant_Vismia_parviflora	Vismia parviflora	rescue_ncbi_genus		http://www.semanticweb.org/orestah/ontologies/2024/9/phytotherapies#Plant_Vismia_parviflora	10
Plant_cymbidium_great_flower_marie_laurencin	cymbidium great flower marie laurencin	rescue_ncbi_genus		http://www.semanticweb.org/orestah/ontologies/2024/9/phytotherapies#Plant_cymbidium_great_flower_marie_laurencin	10
Plant_gabonese_sp.	gabonese sp.	reject_unspecified_species			0
Plant_Ardisia_complanata	Ardisia complanata	rescue_ncbi_genus		http://www.semanticweb.org/orestah/ontologies/2024/9/phytotherapies#Plant_Ardisia_complanata	9
Plant_Aria_obovata	Aria obovata	rescue_ncbi_genus		http://www.semanticweb.org/orestah/ontologies/2024/9/phytotherapies#Plant_Aria_obovata	9
Plant_Aristeguietia_buddleaefolia	Aristeguietia buddleaefolia	rescue_ncbi_genus		http://www.semanticweb.org/orestah/ontologies/2024/9/phytotherapies#Plant_Aristeguietia_buddleaefolia	9
Plant_Azadiractica_indica	Azadiractica indica	reject_genus_not_in_ncbi_plants			0
Plant_Balantiopsis_rosea	Balantiopsis rosea	rescue_ncbi_genus		http://www.semanticweb.org/orestah/ontologies/2024/9/phytotherapies#Plant_Balantiopsis_rosea	9
Plant_Bas_taurus	Bas taurus	reject_genus_not_in_ncbi_plants			0
Plant_Calea_platylepis	Calea platylepis	rescue_ncbi_genus		http://www.semanticweb.org/orestah/ontologies/2024/9/phytotherapies#Plant_Calea_platylepis	9
Plant_Carapichea_klugii	Carapichea klugii	rescue_ncbi_genus		http://www.semanticweb.org/orestah/ontologies/2024/9/phytotherapies#Plant_Carapichea_klugii	9
Plant_Ceropegia_ruschii	Ceropegia ruschii	rescue_ncbi_genus		http://www.semanticweb.org/orestah/ontologies/2024/9/phytotherapies#Plant_Ceropegia_ruschii	9
Plant_Cicer_kopetdaghense	Cicer kopetdaghense	rescue_ncbi_genus		http://www.semanticweb.org/orestah/ontologies/2024/9/phytotherapies#Plant_Cicer_kopetdaghense	9
Plant_Cyperus_enervis	Cyperus enervis	rescue_ncbi_genus		http://www.semanticweb.org/orestah/ontologies/2024/9/phytotherapies#Plant_Cyperus_enervis	9
Plant_Cyperus_pluribracteatus	Cyperus pluribracteatus	rescue_ncbi_genus		http://www.semanticweb.org/orestah/ontologies/2024/9/phytotherapies#Plant_Cyperus_pluribracteatus	9
Plant_Cyperus_trigonellus	Cyperus trigonellus	rescue_ncbi_genus		http://www.semanticweb.org/orestah/ontologies/2024/9/phytotherapies#Plant_Cyperus_trigonellus	9
Plant_Delphinium_semibarbartum	Delphinium semibarbartum	rescue_ncbi_genus		http://www.semanticweb.org/orestah/ontologies/2024/9/phytotherapies#Plant_Delphinium_semibarbartum	9
Plant_Dendrophorbium_dolichodoryium	Dendrophorbium dolichodoryium	rescue_ncbi_genus		http://www.semanticweb.org/orestah/ontologies/2024/9/phytotherapies#Plant_Dendrophorbium_dolichodoryium	9
Plant_Dipsacus_dipsacoides	Dipsacus dipsacoides	rescue_ncbi_genus		http://www.semanticweb.org/orestah/ontologies/2024/9/phytotherapies#Plant_Dipsacus_dipsacoides	9
Plant_Dryopteris_D._patula	Dryopteris D. patula	rescue_ncbi_genus		http://www.semanticweb.org/orestah/ontologies/2024/9/phytotherapies#Plant_Dryopteris_D._patula	9
Plant_Euploca_scabra	Euploca scabra	rescue_ncbi_genus		http://www.semanticweb.org/orestah/ontologies/2024/9/phytotherapies#Plant_Euploca_scabra	9
Plant_Firmiana_pallens	Firmiana pallens	rescue_ncbi_genus		http://www.semanticweb.org/orestah/ontologies/2024/9/phytotherapies#Plant_Firmiana_pallens	9
Plant_Folium_camelliae_sinensis	Folium camelliae sinensis	reject_pharmacognosy_name			0
Plant_Fructus_aurantii	Fructus aurantii	reject_pharmacognosy_name			0
Plant_Jeffreycia_zanzibarensis	Jeffreycia zanzibarensis	rescue_ncbi_genus		http://www.semanticweb.org/orestah/ontologies/2024/9/phytotherapies#Plant_Jeffreycia_zanzibarensis	9
Plant_Lepidaploa_lilacina	Lepidaploa lilacina	rescue_ncbi_genus		http://www.semanticweb.org/orestah/ontologies/2024/9/phytotherapies#Plant_Lepidaploa_lilacina	9
Plant_Lessingianthus_compactiflorus	Lessingianthus compactiflorus	rescue_ncbi_genus		http://www.semanticweb.org/orestah/ontologies/2024/9/phytotherapies#Plant_Lessingianthus_compactiflorus	9
Plant_Melaleuca_parviflora	Melaleuca parviflora	rescue_ncbi_genus		http://www.semanticweb.org/orestah/ontologies/2024/9/phytotherapies#Plant_Melaleuca_parviflora	9
Plant_Melodinus_phylliraeoides	Melodinus phylliraeoides	rescue_ncbi_genus		http://www.semanticweb.org/orestah/ontologies/2024/9/phytotherapies#Plant_Melodinus_phylliraeoides	9
Plant_Nidorella_anomala	Nidorella anomala	rescue_ncbi_genus		http://www.semanticweb.org/orestah/ontologies/2024/9/phytotherapies#Plant_Nidorella_anomala	9
Plant_Ochrosia_alyxioides	Ochrosia alyxioides	rescue_ncbi_genus		http://www.semanticweb.org/orestah/ontologies/2024/9/phytotherapies#Plant_Ochrosia_alyxioides	9
Plant_Oeosporangium_kuhnii	Oeosporangium kuhnii	rescue_ncbi_genus		http://www.semanticweb.org/orestah/ontologies/2024/9/phytotherapies#Plant_Oeosporangium_kuhnii	9
Plant_Ophioderma_Iongicaudum	Ophioderma Iongicaudum	rescue_ncbi_genus		http://www.semanticweb.org/orestah/ontologies/2024/9/phytotherapies#Plant_Ophioderma_Iongicaudum	9
Plant_Oxandra_major	Oxandra major	rescue_ncbi_genus		http://www.semanticweb.org/orestah/ontologies/2024/9/phytotherapies#Plant_Oxandra_major	9
Plant_Palicourea_adusta	Palicourea adusta	rescue_ncbi_genus		http://www.semanticweb.org/orestah/ontologies/2024/9/phytotherapies#Plant_Palicourea_adusta	9
Plant_Penis_cervi	Penis cervi	reject_genus_not_in_ncbi_plants			0
Plant_Periostracum_cicadae	Periostracum cicadae	reject_genus_not_in_ncbi_plants			0
Plant_Pinus_tabulaefomis	Pinus tabulaefomis	rescue_ncbi_genus		http://www.semanticweb.org/orestah/ontologies/2024/9/phytotherapies#Plant_Pinus_tabulaefomis	9
Plant_Pseudognaphalium_schraderi	Pseudognaphalium schraderi	rescue_ncbi_genus		http://www.semanticweb.org/orestah/ontologies/2024/9/phytotherapies#Plant_Pseudognaphalium_schraderi	9
Plant_Quercus_myrsenaefolia	Quercus myrsenaefolia	rescue_ncbi_genus		http://www.semanticweb.org/orestah/ontologies/2024/9/phytotherapies#Plant_Quercus_myrsenaefolia	9
Plant_Rhamnus_thymifolius	Rhamnus thymifolius	rescue_ncbi_genus		http://www.semanticweb.org/orestah/ontologies/2024/9/phytotherapies#Plant_Rhamnus_thymifolius	9
Plant_Rubus_adenotrichus	Rubus adenotrichus	rescue_ncbi_genus		http://www.semanticweb.org/orestah/ontologies/2024/9/phytotherapies#Plant_Rubus_adenotrichus	9
Plant_Scutellariae_radix	Scutellariae radix	reject_genus_not_in_ncbi_plants			0
Plant_Sideritis_huber-morathii	Sideritis huber-morathii	rescue_ncbi_genus		http://www.semanticweb.org/orestah/ontologies/2024/9/phytotherapies#Plant_Sideritis_huber-morathii	9
Plant_Sideritis_maireana	Sideritis maireana	rescue_ncbi_genus		http://www.semanticweb.org/orestah/ontologies/2024/9/phytotherapies#Plant_Sideritis_maireana	9
Plant_Taxus_sinensis	Taxus sinensis	rescue_ncbi_genus		http://www.semanticweb.org/orestah/ontologies/2024/9/phytotherapies#Plant_Taxus_sinensis	9
Plant_Tovomita_excelsa	Tovomita excelsa	rescue_ncbi_genus		http://www.semanticweb.org/orestah/ontologies/2024/9/phytotherapies#Plant_Tovomita_excelsa	9
Plant_Ulva_popenguinensis	Ulva popenguinensis	rescue_ncbi_genus		http://www.semanticweb.org/orestah/ontologies/2024/9/phytotherapies#Plant_Ulva_popenguinensis	9
Plant_calophyllum_panciflorum	calophyllum panciflorum	rescue_ncbi_genus		http://www.semanticweb.org/orestah/ontologies/2024/9/phytotherapies#Plant_calophyllum_panciflorum	9
Plant_zieridium_pseudobtusifolium	zieridium pseudobtusifolium	reject_genus_not_in_ncbi_plants			0
Plant_Acanthella_costata	Acanthella costata	rescue_ncbi_genus		http://www.semanticweb.org/orestah/ontologies/2024/9/phytotherapies#Plant_Acanthella_costata	8
Plant_Aconitum_rubicundum	Aconitum rubicundum	rescue_ncbi_genus		http://www.semanticweb.org/orestah/ontologies/2024/9/phytotherapies#Plant_Aconitum_rubicundum	8
Plant_Alopecurus_spp.	Alopecurus spp.	reject_unspecified_species			0
Plant_Artemisia_albida	Artemisia albida	rescue_ncbi_genus		http://www.semanticweb.org/orestah/ontologies/2024/9/phytotherapies#Plant_Artemisia_albida	8
Plant_Baccharis_sulcata	Baccharis sulcata	rescue_ncbi_genus		http://www.semanticweb.org/orestah/ontologies/2024/9/phytotherapies#Plant_Baccharis_sulcata	8
Plant_Balsamum_tolutanum	Balsamum tolutanum	reject_genus_not_in_ncbi_plants			0
Plant_Caryopteris_nepetaefolia	Caryopteris nepetaefolia	rescue_ncbi_genus		http://www.semanticweb.org/orestah/ontologies/2024/9/phytotherapies#Plant_Caryopteris_nepetaefolia	8
Plant_Cleome_ovalifolia	Cleome ovalifolia	rescue_ncbi_genus		http://www.semanticweb.org/orestah/ontologies/2024/9/phytotherapies#Plant_Cleome_ovalifolia	8
Plant_Clibadium_pittierii	Clibadium pittierii	rescue_ncbi_genus		http://www.semanticweb.org/orestah/ontologies/2024/9/phytotherapies#Plant_Clibadium_pittierii	8
Plant_Clibadium_sodiroi	Clibadium sodiroi	rescue_ncbi_genus		http://www.semanticweb.org/orestah/ontologies/2024/9/phytotherapies#Plant_Clibadium_sodiroi	8
Plant_Codium_divaricatum	Codium divaricatum	rescue_ncbi_genus		http://www.semanticweb.org/orestah/ontologies/2024/9/phytotherapies#Plant_Codium_divaricatum	8
Plant_Diphasiastrum_fawcettii	Diphasiastrum fawcettii	rescue_ncbi_genus		http://www.semanticweb.org/orestah/ontologies/2024/9/phytotherapies#Plant_Diphasiastrum_fawcettii	8
Plant_Euphorbia_sequieriana	Euphorbia sequieriana	rescue_ncbi_genus		http://www.semanticweb.org/orestah/ontologies/2024/9/phytotherapies#Plant_Euphorbia_sequieriana	8
Plant_Family_asteriidae	Family asteriidae	reject_genus_not_in_ncbi_plants			0
Plant_Fructus_leonuri	Fructus leonuri	reject_pharmacognosy_name			0
Plant_Fructus_phyllanthi	Fructus phyllanthi	reject_pharmacognosy_name			0
Plant_Garcinia_assigu	Garcinia assigu	rescue_ncbi_genus		http://www.semanticweb.org/orestah/ontologies/2024/9/phytotherapies#Plant_Garcinia_assigu	8
Plant_Haplophyllum_glabrinum	Haplophyllum glabrinum	rescue_ncbi_genus		http://www.semanticweb.org/orestah/ontologies/2024/9/phytotherapies#Plant_Haplophyllum_glabrinum	8
Plant_Haplophyllum_spp.	Haplophyllum spp.	reject_unspecified_species			0
Plant_Heracleum_woroschiklowii	Heracleum woroschiklowii	rescue_ncbi_genus		http://www.semanticweb.org/orestah/ontologies/2024/9/phytotherapies#Plant_Heracleum_woroschiklowii	8
Plant_Hernandia_Nymphaefolia	Hernandia Nymphaefolia	rescue_ncbi_genus		http://www.semanticweb.org/orestah/ontologies/2024/9/phytotherapies#Plant_Hernandia_Nymphaefolia	8
Plant_Huperzia_laipoensis	Huperzia laipoensis	rescue_ncbi_genus		http://www.semanticweb.org/orestah/ontologies/2024/9/phytotherapies#Plant_Huperzia_laipoensis	8
Plant_Hypis_dilatata	Hypis dilatata	rescue_typo_corrected	Hyptis dilatata	http://www.semanticweb.org/orestah/ontologies/2024/9/phytotherapies#Plant_Hyptis_dilatata	8
Plant_Lsodon_japonica	Lsodon japonica	reject_genus_not_in_ncbi_plants			0
Plant_Lychnophora_rupestris	Lychnophora rupestris	rescue_ncbi_genus		http://www.semanticweb.org/orestah/ontologies/2024/9/phytotherapies#Plant_Lychnophora_rupestris	8
Plant_Mammea_acuminata	Mammea acuminata	rescue_ncbi_genus		http://www.semanticweb.org/orestah/ontologies/2024/9/phytotherapies#Plant_Mammea_acuminata	8
Plant_Marjorana_hortensis	Marjorana hortensis	rescue_typo_corrected	Majorana hortensis	http://www.semanticweb.org/orestah/ontologies/2024/9/phytotherapies#Organism_6533	8
Plant_Miconia_trailii	Miconia trailii	rescue_ncbi_genus		http://www.semanticweb.org/orestah/ontologies/2024/9/phytotherapies#Plant_Miconia_trailii	8
Plant_Mikania_hoehnei	Mikania hoehnei	rescue_ncbi_genus		http://www.semanticweb.org/orestah/ontologies/2024/9/phytotherapies#Plant_Mikania_hoehnei	8
Plant_Moghania_faginea	Moghania faginea	rescue_ncbi_genus		http://www.semanticweb.org/orestah/ontologies/2024/9/phytotherapies#Plant_Moghania_faginea	8
Plant_Molinia_spp.	Molinia spp.	reject_unspecified_species			0
Plant_Neolitsea_foliosa	Neolitsea foliosa	rescue_ncbi_genus		http://www.semanticweb.org/orestah/ontologies/2024/9/phytotherapies#Plant_Neolitsea_foliosa	8
Plant_Nymphaea_maculata	Nymphaea maculata	rescue_ncbi_genus		http://www.semanticweb.org/orestah/ontologies/2024/9/phytotherapies#Plant_Nymphaea_maculata	8
Plant_Pavonia_alba	Pavonia alba	rescue_ncbi_genus		http://www.semanticweb.org/orestah/ontologies/2024/9/phytotherapies#Plant_Pavonia_alba	8
Plant_Persicaria_stagnina	Persicaria stagnina	rescue_ncbi_genus		http://www.semanticweb.org/orestah/ontologies/2024/9/phytotherapies#Plant_Persicaria_stagnina	8
Plant_Peruvian_amazonian	Peruvian amazonian	reject_genus_not_in_ncbi_plants			0
Plant_Phedimus_selskanianus	Phedimus selskanianus	rescue_ncbi_genus		http://www.semanticweb.org/orestah/ontologies/2024/9/phytotherapies#Plant_Phedimus_selskanianus	8
Plant_Psephellus_huber-morathii	Psephellus huber-morathii	rescue_ncbi_genus		http://www.semanticweb.org/orestah/ontologies/2024/9/phytotherapies#Plant_Psephellus_huber-morathii	8
Plant_Psephellus_schischkinii	Psephellus schischkinii	rescue_ncbi_genus		http://www.semanticweb.org/orestah/ontologies/2024/9/phytotherapies#Plant_Psephellus_schischkinii	8
Plant_Psorospermum_aurantiacum	Psorospermum aurantiacum	rescue_ncbi_genus		http://www.semanticweb.org/orestah/ontologies/2024/9/phytotherapies#Plant_Psorospermum_aurantiacum	8
Plant_Psychotria_burucana	Psychotria burucana	rescue_ncbi_genus		http://www.semanticweb.org/orestah/ontologies/2024/9/phytotherapies#Plant_Psychotria_burucana	8
Plant_Pteris_sinensis	Pteris sinensis	rescue_ncbi_genus		http://www.semanticweb.org/orestah/ontologies/2024/9/phytotherapies#Plant_Pteris_sinensis	8
Plant_Senecio_laricifolius	Senecio laricifolius	rescue_ncbi_genus		http://www.semanticweb.org/orestah/ontologies/2024/9/phytotherapies#Plant_Senecio_laricifolius	8
Plant_Sideritis_leptoclada	Sideritis leptoclada	rescue_ncbi_genus		http://www.semanticweb.org/orestah/ontologies/2024/9/phytotherapies#Plant_Sideritis_leptoclada	8
Plant_Solenostemon_sylvaticus	Solenostemon sylvaticus	rescue_ncbi_genus		http://www.semanticweb.org/orestah/ontologies/2024/9/phytotherapies#Plant_Solenostemon_sylvaticus	8
Plant_Stiff_silkworm	Stiff silkworm	reject_genus_not_in_ncbi_plants			0
Plant_Trigonostemon_heteranthus	Trigonostemon heteranthus	rescue_ncbi_genus		http://www.semanticweb.org/orestah/ontologies/2024/9/phytotherapies#Plant_Trigonostemon_heteranthus	8
Plant_Valeriana_pulvinata	Valeriana pulvinata	rescue_ncbi_genus		http://www.semanticweb.org/orestah/ontologies/2024/9/phytotherapies#Plant_Valeriana_pulvinata	8
Plant_Wedelia_montevidensis	Wedelia montevidensis	rescue_ncbi_genus		http://www.semanticweb.org/orestah/ontologies/2024/9/phytotherapies#Plant_Wedelia_montevidensis	8
Plant_Wedelia_regis	Wedelia regis	rescue_ncbi_genus		http://www.semanticweb.org/orestah/ontologies/2024/9/phytotherapies#Plant_Wedelia_regis	8
Plant_pulmonate_mollusks	pulmonate mollusks	reject_genus_not_in_ncbi_plants			0
Plant_Aglaia_spp.	Aglaia spp.	reject_unspecified_species			0
Plant_Aloe_rugosifolia	Aloe rugosifolia	rescue_ncbi_genus		http://www.semanticweb.org/orestah/ontologies/2024/9/phytotherapies#Plant_Aloe_rugosifolia	7
Plant_Aloe_sobolifera	Aloe sobolifera	rescue_ncbi_genus		http://www.semanticweb.org/orestah/ontologies/2024/9/phytotherapies#Plant_Aloe_sobolifera	7
Plant_Amphithalea_spp.	Amphithalea spp.	reject_unspecified_species			0
Plant_Anisocyla_jollyana	Anisocyla jollyana	rescue_typo_corrected	Anisocycla jollyana	http://www.semanticweb.org/orestah/ontologies/2024/9/phytotherapies#Organism_18489	7
Plant_Aristolochia_cucurbitafolia	Aristolochia cucurbitafolia	rescue_ncbi_genus		http://www.semanticweb.org/orestah/ontologies/2024/9/phytotherapies#Plant_Aristolochia_cucurbitafolia	7
Plant_Arousa_sp.	Arousa sp.	reject_unspecified_species			0
Plant_Bazzania_angustifolia	Bazzania angustifolia	rescue_ncbi_genus		http://www.semanticweb.org/orestah/ontologies/2024/9/phytotherapies#Plant_Bazzania_angustifolia	7
Plant_Ceratonia_sp.	Ceratonia sp.	reject_unspecified_species			0
Plant_Ceropegia_penicillata	Ceropegia penicillata	rescue_ncbi_genus		http://www.semanticweb.org/orestah/ontologies/2024/9/phytotherapies#Plant_Ceropegia_penicillata	7
Plant_Ceropegia_plicatiloba	Ceropegia plicatiloba	rescue_ncbi_genus		http://www.semanticweb.org/orestah/ontologies/2024/9/phytotherapies#Plant_Ceropegia_plicatiloba	7
Plant_Ceropegia_umbellata	Ceropegia umbellata	rescue_ncbi_genus		http://www.semanticweb.org/orestah/ontologies/2024/9/phytotherapies#Plant_Ceropegia_umbellata	7
Plant_Dendrophorbium_usgorense	Dendrophorbium usgorense	rescue_ncbi_genus		http://www.semanticweb.org/orestah/ontologies/2024/9/phytotherapies#Plant_Dendrophorbium_usgorense	7
Plant_Dorstenia_bryoniaefolia	Dorstenia bryoniaefolia	rescue_ncbi_genus		http://www.semanticweb.org/orestah/ontologies/2024/9/phytotherapies#Plant_Dorstenia_bryoniaefolia	7
Plant_Eupatorium_obtusissmum	Eupatorium obtusissmum	rescue_ncbi_genus		http://www.semanticweb.org/orestah/ontologies/2024/9/phytotherapies#Plant_Eupatorium_obtusissmum	7
Plant_Folium_pogostemonis	Folium pogostemonis	reject_pharmacognosy_name			0
Plant_Freshwater_algal_bloom	Freshwater algal bloom	reject_genus_not_in_ncbi_plants			0
Plant_Fuchsia_spp.	Fuchsia spp.	reject_unspecified_species			0
Plant_Halophilic_actinomycete	Halophilic actinomycete	reject_genus_not_in_ncbi_plants			0
Plant_Hirtellina_fruticosa	Hirtellina fruticosa	reject_genus_not_in_ncbi_plants			0
Plant_Hovenia_trichocarea	Hovenia trichocarea	rescue_ncbi_genus		http://www.semanticweb.org/orestah/ontologies/2024/9/phytotherapies#Plant_Hovenia_trichocarea	7
Plant_Jnula_britannica	Jnula britannica	rescue_typo_corrected	Inula britannica	http://www.semanticweb.org/orestah/ontologies/2024/9/phytotherapies#Organism_8755	7
Plant_Jungermannia_vulcanicola	Jungermannia vulcanicola	rescue_ncbi_genus		http://www.semanticweb.org/orestah/ontologies/2024/9/phytotherapies#Plant_Jungermannia_vulcanicola	7
Plant_Knightia_stobiline	Knightia stobiline	rescue_ncbi_genus		http://www.semanticweb.org/orestah/ontologies/2024/9/phytotherapies#Plant_Knightia_stobiline	7
Plant_Linzia_rosenii	Linzia rosenii	rescue_ncbi_genus		http://www.semanticweb.org/orestah/ontologies/2024/9/phytotherapies#Plant_Linzia_rosenii	7
Plant_Liquor_jiu	Liquor jiu	reject_genus_not_in_ncbi_plants			0
Plant_Lychnophora_blanchetii	Lychnophora blanchetii	rescue_ncbi_genus		http://www.semanticweb.org/orestah/ontologies/2024/9/phytotherapies#Plant_Lychnophora_blanchetii	7
Plant_Marine_bacillus	Marine bacillus	reject_genus_not_in_ncbi_plants			0
Plant_Mespilodaphne_cymosa	Mespilodaphne cymosa	rescue_ncbi_genus		http://www.semanticweb.org/orestah/ontologies/2024/9/phytotherapies#Plant_Mespilodaphne_cymosa	7
Plant_Millettia_pervilleana	Millettia pervilleana	rescue_ncbi_genus		http://www.semanticweb.org/orestah/ontologies/2024/9/phytotherapies#Plant_Millettia_pervilleana	7
Plant_Mmaesa_laxiflora	Mmaesa laxiflora	rescue_typo_corrected	Maesa laxiflora	http://www.semanticweb.org/orestah/ontologies/2024/9/phytotherapies#Organism_9676	7
Plant_Moldenhawera_nutans	Moldenhawera nutans	rescue_ncbi_genus		http://www.semanticweb.org/orestah/ontologies/2024/9/phytotherapies#Plant_Moldenhawera_nutans	7
Plant_Nauclea_pobeguinii	Nauclea pobeguinii	rescue_ncbi_genus		http://www.semanticweb.org/orestah/ontologies/2024/9/phytotherapies#Plant_Nauclea_pobeguinii	7
Plant_Neomirandea_arthodes	Neomirandea arthodes	rescue_ncbi_genus		http://www.semanticweb.org/orestah/ontologies/2024/9/phytotherapies#Plant_Neomirandea_arthodes	7
Plant_Neomirandea_guevarii	Neomirandea guevarii	rescue_ncbi_genus		http://www.semanticweb.org/orestah/ontologies/2024/9/phytotherapies#Plant_Neomirandea_guevarii	7
Plant_Ocimum_grandiflorum	Ocimum grandiflorum	rescue_ncbi_genus		http://www.semanticweb.org/orestah/ontologies/2024/9/phytotherapies#Plant_Ocimum_grandiflorum	7
Plant_Pachylobus_trimerus	Pachylobus trimerus	rescue_ncbi_genus		http://www.semanticweb.org/orestah/ontologies/2024/9/phytotherapies#Plant_Pachylobus_trimerus	7
Plant_Pearsonia_bracteata	Pearsonia bracteata	rescue_ncbi_genus		http://www.semanticweb.org/orestah/ontologies/2024/9/phytotherapies#Plant_Pearsonia_bracteata	7
Plant_Phlomoides_younghushandii	Phlomoides younghushandii	rescue_ncbi_genus		http://www.semanticweb.org/orestah/ontologies/2024/9/phytotherapies#Plant_Phlomoides_younghushandii	7
Plant_Phodymenia_palmata	Phodymenia palmata	reject_genus_not_in_ncbi_plants			0
Plant_Piper_neesii	Piper neesii	rescue_ncbi_genus		http://www.semanticweb.org/orestah/ontologies/2024/9/phytotherapies#Plant_Piper_neesii	7
Plant_Plectranthus_garckeanus	Plectranthus garckeanus	rescue_ncbi_genus		http://www.semanticweb.org/orestah/ontologies/2024/9/phytotherapies#Plant_Plectranthus_garckeanus	7
Plant_Psephellus_bornmuelleri	Psephellus bornmuelleri	rescue_ncbi_genus		http://www.semanticweb.org/orestah/ontologies/2024/9/phytotherapies#Plant_Psephellus_bornmuelleri	7
Plant_Psidium_larueotteanum	Psidium larueotteanum	rescue_ncbi_genus		http://www.semanticweb.org/orestah/ontologies/2024/9/phytotherapies#Plant_Psidium_larueotteanum	7
Plant_Radula_oyamensis	Radula oyamensis	rescue_ncbi_genus		http://www.semanticweb.org/orestah/ontologies/2024/9/phytotherapies#Plant_Radula_oyamensis	7
Plant_Rauwolfia_sellowii	Rauwolfia sellowii	rescue_ncbi_genus		http://www.semanticweb.org/orestah/ontologies/2024/9/phytotherapies#Plant_Rauwolfia_sellowii	7
Plant_Rhamnus_nipalensis	Rhamnus nipalensis	rescue_ncbi_genus		http://www.semanticweb.org/orestah/ontologies/2024/9/phytotherapies#Plant_Rhamnus_nipalensis	7
Plant_Rhododendron_meijeri	Rhododendron meijeri	rescue_ncbi_genus		http://www.semanticweb.org/orestah/ontologies/2024/9/phytotherapies#Plant_Rhododendron_meijeri	7
Plant_Rhododendron_micromalayanum	Rhododendron micromalayanum	rescue_ncbi_genus		http://www.semanticweb.org/orestah/ontologies/2024/9/phytotherapies#Plant_Rhododendron_micromalayanum	7
Plant_Rhododendron_nervulosum	Rhododendron nervulosum	rescue_ncbi_genus		http://www.semanticweb.org/orestah/ontologies/2024/9/phytotherapies#Plant_Rhododendron_nervulosum	7
Plant_Rhododendron_vandeursenii	Rhododendron vandeursenii	rescue_ncbi_genus		http://www.semanticweb.org/orestah/ontologies/2024/9/phytotherapies#Plant_Rhododendron_vandeursenii	7
Plant_Rumex_limoniastrum	Rumex limoniastrum	rescue_ncbi_genus		http://www.semanticweb.org/orestah/ontologies/2024/9/phytotherapies#Plant_Rumex_limoniastrum	7
Plant_Rytiphloea_tinctoria	Rytiphloea tinctoria	reject_genus_not_in_ncbi_plants			0
Plant_Senecio_canchahuinganquensis	Senecio canchahuinganquensis	rescue_ncbi_genus		http://www.semanticweb.org/orestah/ontologies/2024/9/phytotherapies#Plant_Senecio_canchahuinganquensis	7
Plant_Senecio_gilliesianus	Senecio gilliesianus	rescue_ncbi_genus		http://www.semanticweb.org/orestah/ontologies/2024/9/phytotherapies#Plant_Senecio_gilliesianus	7
Plant_Senecio_mitophyllus	Senecio mitophyllus	rescue_ncbi_genus		http://www.semanticweb.org/orestah/ontologies/2024/9/phytotherapies#Plant_Senecio_mitophyllus	7
Plant_Seseli_foliosum	Seseli foliosum	rescue_ncbi_genus		http://www.semanticweb.org/orestah/ontologies/2024/9/phytotherapies#Plant_Seseli_foliosum	7
Plant_Sideritis_antiatlantica	Sideritis antiatlantica	rescue_ncbi_genus		http://www.semanticweb.org/orestah/ontologies/2024/9/phytotherapies#Plant_Sideritis_antiatlantica	7
Plant_Sideritis_guyoniana	Sideritis guyoniana	rescue_ncbi_genus		http://www.semanticweb.org/orestah/ontologies/2024/9/phytotherapies#Plant_Sideritis_guyoniana	7
Plant_Sonchus_melanolepis	Sonchus melanolepis	rescue_ncbi_genus		http://www.semanticweb.org/orestah/ontologies/2024/9/phytotherapies#Plant_Sonchus_melanolepis	7
Plant_Stevia_grisebachiana	Stevia grisebachiana	rescue_ncbi_genus		http://www.semanticweb.org/orestah/ontologies/2024/9/phytotherapies#Plant_Stevia_grisebachiana	7
Plant_Stevia_monardaefolia	Stevia monardaefolia	rescue_ncbi_genus		http://www.semanticweb.org/orestah/ontologies/2024/9/phytotherapies#Plant_Stevia_monardaefolia	7
Plant_Tabernaemontana_robinsonii	Tabernaemontana robinsonii	rescue_ncbi_genus		http://www.semanticweb.org/orestah/ontologies/2024/9/phytotherapies#Plant_Tabernaemontana_robinsonii	7
Plant_Tagetes_dianthiflora	Tagetes dianthiflora	rescue_ncbi_genus		http://www.semanticweb.org/orestah/ontologies/2024/9/phytotherapies#Plant_Tagetes_dianthiflora	7
Plant_Triclisia_sacleuxii	Triclisia sacleuxii	rescue_ncbi_genus		http://www.semanticweb.org/orestah/ontologies/2024/9/phytotherapies#Plant_Triclisia_sacleuxii	7
Plant_Trixis_anomala	Trixis anomala	rescue_ncbi_genus		http://www.semanticweb.org/orestah/ontologies/2024/9/phytotherapies#Plant_Trixis_anomala	7
Plant_Uraria_narum	Uraria narum	rescue_ncbi_genus		http://www.semanticweb.org/orestah/ontologies/2024/9/phytotherapies#Plant_Uraria_narum	7
Plant_Ursinia_rigidula	Ursinia rigidula	rescue_ncbi_genus		http://www.semanticweb.org/orestah/ontologies/2024/9/phytotherapies#Plant_Ursinia_rigidula	7
Plant_Viburnum_mathewsii	Viburnum mathewsii	rescue_ncbi_genus		http://www.semanticweb.org/orestah/ontologies/2024/9/phytotherapies#Plant_Viburnum_mathewsii	7
Plant_Wedelia_laevissima	Wedelia laevissima	rescue_ncbi_genus		http://www.semanticweb.org/orestah/ontologies/2024/9/phytotherapies#Plant_Wedelia_laevissima	7
Plant_aaglaia_argentea	aaglaia argentea	rescue_typo_corrected	Aglaia argentea	http://www.semanticweb.org/orestah/ontologies/2024/9/phytotherapies#Organism_5056	7
Plant_hominaxella_sp.	hominaxella sp.	reject_unspecified_species			0
Plant_Aloe_kefaensis	Aloe kefaensis	rescue_ncbi_genus		http://www.semanticweb.org/orestah/ontologies/2024/9/phytotherapies#Plant_Aloe_kefaensis	6
Plant_Arachniodes_cornucervi	Arachniodes cornucervi	rescue_ncbi_genus		http://www.semanticweb.org/orestah/ontologies/2024/9/phytotherapies#Plant_Arachniodes_cornucervi	6
Plant_Asidosperma_subincanum_Mart	Asidosperma subincanum Mart	rescue_typo_corrected	Aspidosperma subincanum	http://www.semanticweb.org/orestah/ontologies/2024/9/phytotherapies#Plant_Aspidosperma_Subincanum	6
Plant_Astragalus_spp.	Astragalus spp.	reject_unspecified_species			0
Plant_Baccharis_phylicoides	Baccharis phylicoides	rescue_ncbi_genus		http://www.semanticweb.org/orestah/ontologies/2024/9/phytotherapies#Plant_Baccharis_phylicoides	6
Plant_Bazzania_spiralis	Bazzania spiralis	rescue_ncbi_genus		http://www.semanticweb.org/orestah/ontologies/2024/9/phytotherapies#Plant_Bazzania_spiralis	6
Plant_Berberis_cerasina	Berberis cerasina	rescue_ncbi_genus		http://www.semanticweb.org/orestah/ontologies/2024/9/phytotherapies#Plant_Berberis_cerasina	6
Plant_Betula_spp.	Betula spp.	reject_unspecified_species			0
Plant_Bidens_spp.	Bidens spp.	reject_unspecified_species			0
Plant_Bredia_tuberuculata	Bredia tuberuculata	rescue_ncbi_genus		http://www.semanticweb.org/orestah/ontologies/2024/9/phytotherapies#Plant_Bredia_tuberuculata	6
Plant_Calceolaria_irazeunsis	Calceolaria irazeunsis	rescue_ncbi_genus		http://www.semanticweb.org/orestah/ontologies/2024/9/phytotherapies#Plant_Calceolaria_irazeunsis	6
Plant_Celtis_philippinensis	Celtis philippinensis	rescue_ncbi_genus		http://www.semanticweb.org/orestah/ontologies/2024/9/phytotherapies#Plant_Celtis_philippinensis	6
Plant_Cladophoropsis_vaucheriaeformis	Cladophoropsis vaucheriaeformis	rescue_ncbi_genus		http://www.semanticweb.org/orestah/ontologies/2024/9/phytotherapies#Plant_Cladophoropsis_vaucheriaeformis	6
Plant_Cyperus_brevibracteatus	Cyperus brevibracteatus	rescue_ncbi_genus		http://www.semanticweb.org/orestah/ontologies/2024/9/phytotherapies#Plant_Cyperus_brevibracteatus	6
Plant_Cyperus_microcephalus	Cyperus microcephalus	rescue_ncbi_genus		http://www.semanticweb.org/orestah/ontologies/2024/9/phytotherapies#Plant_Cyperus_microcephalus	6
Plant_Decaryia_madagascariensis	Decaryia madagascariensis	rescue_typo_corrected	Decarya madagascariensis	http://www.semanticweb.org/orestah/ontologies/2024/9/phytotherapies#Organism_46536	6
Plant_Didymocarpus_oblonga	Didymocarpus oblonga	rescue_ncbi_genus		http://www.semanticweb.org/orestah/ontologies/2024/9/phytotherapies#Plant_Didymocarpus_oblonga	6
Plant_Dorstenia_bryonifolia	Dorstenia bryonifolia	rescue_ncbi_genus		http://www.semanticweb.org/orestah/ontologies/2024/9/phytotherapies#Plant_Dorstenia_bryonifolia	6
Plant_Dorstenia_excentria	Dorstenia excentria	rescue_ncbi_genus		http://www.semanticweb.org/orestah/ontologies/2024/9/phytotherapies#Plant_Dorstenia_excentria	6
Plant_Elaeodendron_schlechteranum	Elaeodendron schlechteranum	rescue_ncbi_genus		http://www.semanticweb.org/orestah/ontologies/2024/9/phytotherapies#Plant_Elaeodendron_schlechteranum	6
Plant_Euryops_spp.	Euryops spp.	reject_unspecified_species			0
Plant_Exodeconus_maritima	Exodeconus maritima	rescue_ncbi_genus		http://www.semanticweb.org/orestah/ontologies/2024/9/phytotherapies#Plant_Exodeconus_maritima	6
Plant_Folium_citri	Folium citri	reject_pharmacognosy_name			0
Plant_Fructus_gardeniae	Fructus gardeniae	reject_pharmacognosy_name			0
Plant_Fuchsia_eucliandra	Fuchsia eucliandra	rescue_ncbi_genus		http://www.semanticweb.org/orestah/ontologies/2024/9/phytotherapies#Plant_Fuchsia_eucliandra	6
Plant_Gutierrezia_spp.	Gutierrezia spp.	reject_unspecified_species			0
Plant_Huperzia_delavayi	Huperzia delavayi	rescue_ncbi_genus		http://www.semanticweb.org/orestah/ontologies/2024/9/phytotherapies#Plant_Huperzia_delavayi	6
Plant_Hymeneae_palustris	Hymeneae palustris	reject_genus_not_in_ncbi_plants			0
Plant_Jungermannia_hattoriana	Jungermannia hattoriana	rescue_ncbi_genus		http://www.semanticweb.org/orestah/ontologies/2024/9/phytotherapies#Plant_Jungermannia_hattoriana	6
Plant_Kickxia_asparagoides	Kickxia asparagoides	rescue_ncbi_genus		http://www.semanticweb.org/orestah/ontologies/2024/9/phytotherapies#Plant_Kickxia_asparagoides	6
Plant_Leuconotis_eugenifolius	Leuconotis eugenifolius	rescue_ncbi_genus		http://www.semanticweb.org/orestah/ontologies/2024/9/phytotherapies#Plant_Leuconotis_eugenifolius	6
Plant_Litsea_ligustrina	Litsea ligustrina	rescue_ncbi_genus		http://www.semanticweb.org/orestah/ontologies/2024/9/phytotherapies#Plant_Litsea_ligustrina	6
Plant_Lomatophyllum_occidentalis	Lomatophyllum occidentalis	rescue_ncbi_genus		http://www.semanticweb.org/orestah/ontologies/2024/9/phytotherapies#Plant_Lomatophyllum_occidentalis	6
Plant_Lychnophora_pseudovillosissima	Lychnophora pseudovillosissima	rescue_ncbi_genus		http://www.semanticweb.org/orestah/ontologies/2024/9/phytotherapies#Plant_Lychnophora_pseudovillosissima	6
Plant_Micromeles_ferruginea	Micromeles ferruginea	rescue_ncbi_genus		http://www.semanticweb.org/orestah/ontologies/2024/9/phytotherapies#Plant_Micromeles_ferruginea	6
Plant_Mikania_holwayana	Mikania holwayana	rescue_ncbi_genus		http://www.semanticweb.org/orestah/ontologies/2024/9/phytotherapies#Plant_Mikania_holwayana	6
Plant_Monopterix_inpae	Monopterix inpae	rescue_typo_corrected	Monopteryx inpae	http://www.semanticweb.org/orestah/ontologies/2024/9/phytotherapies#Organism_16943	6
Plant_Neurolaena_N._macrocephala	Neurolaena N. macrocephala	rescue_ncbi_genus		http://www.semanticweb.org/orestah/ontologies/2024/9/phytotherapies#Plant_Neurolaena_N._macrocephala	6
Plant_Nicotiana_thyrosiflora	Nicotiana thyrosiflora	rescue_ncbi_genus		http://www.semanticweb.org/orestah/ontologies/2024/9/phytotherapies#Plant_Nicotiana_thyrosiflora	6
Plant_Octea_macrophylla	Octea macrophylla	rescue_typo_corrected	Ocotea macrophylla	http://www.semanticweb.org/orestah/ontologies/2024/9/phytotherapies#Organism_35332	6
Plant_Oocephalus_oppositiflorus	Oocephalus oppositiflorus	rescue_ncbi_genus		http://www.semanticweb.org/orestah/ontologies/2024/9/phytotherapies#Plant_Oocephalus_oppositiflorus	6
Plant_Palicourea_dichroa	Palicourea dichroa	rescue_ncbi_genus		http://www.semanticweb.org/orestah/ontologies/2024/9/phytotherapies#Plant_Palicourea_dichroa	6
Plant_Papaver_cylindricum	Papaver cylindricum	rescue_ncbi_genus		http://www.semanticweb.org/orestah/ontologies/2024/9/phytotherapies#Plant_Papaver_cylindricum	6
Plant_Pedicellus_melo	Pedicellus melo	reject_genus_not_in_ncbi_plants			0
Plant_Phlomis_sintenisii	Phlomis sintenisii	rescue_ncbi_genus		http://www.semanticweb.org/orestah/ontologies/2024/9/phytotherapies#Plant_Phlomis_sintenisii	6
Plant_Picrorhiza_sp.	Picrorhiza sp.	reject_unspecified_species			0
Plant_Plectranthus_xanthanthus	Plectranthus xanthanthus	rescue_ncbi_genus		http://www.semanticweb.org/orestah/ontologies/2024/9/phytotherapies#Plant_Plectranthus_xanthanthus	6
Plant_Psoralea_effusa	Psoralea effusa	rescue_ncbi_genus		http://www.semanticweb.org/orestah/ontologies/2024/9/phytotherapies#Plant_Psoralea_effusa	6
Plant_Psychotria_alliance	Psychotria alliance	rescue_ncbi_genus		http://www.semanticweb.org/orestah/ontologies/2024/9/phytotherapies#Plant_Psychotria_alliance	6
Plant_Raoulia_petriensis	Raoulia petriensis	rescue_ncbi_genus		http://www.semanticweb.org/orestah/ontologies/2024/9/phytotherapies#Plant_Raoulia_petriensis	6
Plant_Raputia_megalantha	Raputia megalantha	rescue_ncbi_genus		http://www.semanticweb.org/orestah/ontologies/2024/9/phytotherapies#Plant_Raputia_megalantha	6
Plant_Rauwolfia_sprucei	Rauwolfia sprucei	rescue_ncbi_genus		http://www.semanticweb.org/orestah/ontologies/2024/9/phytotherapies#Plant_Rauwolfia_sprucei	6
Plant_Rhynchospora_leae	Rhynchospora leae	rescue_ncbi_genus		http://www.semanticweb.org/orestah/ontologies/2024/9/phytotherapies#Plant_Rhynchospora_leae	6
Plant_Saxifraga_azizoon	Saxifraga azizoon	rescue_ncbi_genus		http://www.semanticweb.org/orestah/ontologies/2024/9/phytotherapies#Plant_Saxifraga_azizoon	6
Plant_Scleria_tricuspidata	Scleria tricuspidata	rescue_ncbi_genus		http://www.semanticweb.org/orestah/ontologies/2024/9/phytotherapies#Plant_Scleria_tricuspidata	6
Plant_Selliguea_moulmeinensis	Selliguea moulmeinensis	rescue_ncbi_genus		http://www.semanticweb.org/orestah/ontologies/2024/9/phytotherapies#Plant_Selliguea_moulmeinensis	6
Plant_Senecio_cerberoanus	Senecio cerberoanus	rescue_ncbi_genus		http://www.semanticweb.org/orestah/ontologies/2024/9/phytotherapies#Plant_Senecio_cerberoanus	6
Plant_Senecio_longibolus	Senecio longibolus	rescue_ncbi_genus		http://www.semanticweb.org/orestah/ontologies/2024/9/phytotherapies#Plant_Senecio_longibolus	6
Plant_Senecio_philippicus	Senecio philippicus	rescue_ncbi_genus		http://www.semanticweb.org/orestah/ontologies/2024/9/phytotherapies#Plant_Senecio_philippicus	6
Plant_Silene_spp.	Silene spp.	reject_unspecified_species			0
Plant_Sinapis_sp.	Sinapis sp.	reject_unspecified_species			0
Plant_Spiraea_kamtschatica	Spiraea kamtschatica	rescue_ncbi_genus		http://www.semanticweb.org/orestah/ontologies/2024/9/phytotherapies#Plant_Spiraea_kamtschatica	6
Plant_Tetrataenium_wallichii	Tetrataenium wallichii	rescue_ncbi_genus		http://www.semanticweb.org/orestah/ontologies/2024/9/phytotherapies#Plant_Tetrataenium_wallichii	6
Plant_Trigonella_spp.	Trigonella spp.	reject_unspecified_species			0
Plant_Uvaria_japonica	Uvaria japonica	rescue_ncbi_genus		http://www.semanticweb.org/orestah/ontologies/2024/9/phytotherapies#Plant_Uvaria_japonica	6
Plant_Vanillosmopsis_sp.	Vanillosmopsis sp.	reject_unspecified_species			0
Plant_Vellozia_lilacina	Vellozia lilacina	rescue_ncbi_genus		http://www.semanticweb.org/orestah/ontologies/2024/9/phytotherapies#Plant_Vellozia_lilacina	6
Plant_aged_korean_fermented_soybean_paste	aged korean fermented soybean paste	reject_genus_not_in_ncbi_plants			0
Plant_epichlo_festucae	epichlo√É¬É√Ç¬´ festucae	reject_genus_not_in_ncbi_plants			0
Plant_odyendyea_gabonensis	odyendyea gabonensis	rescue_ncbi_genus		http://www.semanticweb.org/orestah/ontologies/2024/9/phytotherapies#Plant_odyendyea_gabonensis	6
Plant_pseuhxandra_sclerocarpa	pseuhxandra sclerocarpa	reject_genus_not_in_ncbi_plants			0
Plant_sarcuapnos_crassfolia	sarcuapnos crassfolia	reject_genus_not_in_ncbi_plants			0
Plant_sunflower_pollen	sunflower pollen	reject_genus_not_in_ncbi_plants			0
Plant_terrestrial_streptomycete	terrestrial streptomycete	reject_genus_not_in_ncbi_plants			0
Plant_Acanthopanax_sp.	Acanthopanax sp.	reject_unspecified_species			0
Plant_Aframomum_letestuianum	Aframomum letestuianum	rescue_ncbi_genus		http://www.semanticweb.org/orestah/ontologies/2024/9/phytotherapies#Plant_Aframomum_letestuianum	5
Plant_Ajuga_relicta	Ajuga relicta	rescue_ncbi_genus		http://www.semanticweb.org/orestah/ontologies/2024/9/phytotherapies#Plant_Ajuga_relicta	5
Plant_Angelica_spp.	Angelica spp.	reject_unspecified_species			0
Plant_Artocarpus_teysmanii_Miq.	Artocarpus teysmanii Miq.	rescue_ncbi_genus		http://www.semanticweb.org/orestah/ontologies/2024/9/phytotherapies#Plant_Artocarpus_teysmanii_Miq.	5
Plant_Artocarpus_venenosa	Artocarpus venenosa	rescue_ncbi_genus		http://www.semanticweb.org/orestah/ontologies/2024/9/phytotherapies#Plant_Artocarpus_venenosa	5
Plant_Astragalus_shikokianus	Astragalus shikokianus	rescue_ncbi_genus		http://www.semanticweb.org/orestah/ontologies/2024/9/phytotherapies#Plant_Astragalus_shikokianus	5
Plant_Auto_oxidation_products_of_astaxanthin_with_hydroxy_radicals_superoxide_anion_radicals_and_singlet_oxygen.	Auto oxidation products of astaxanthin with hydroxy radicals, superoxide anion radicals, and singlet oxygen.	reject_genus_not_in_ncbi_plants			0
Plant_Baccharis_brachylaenoides_var._ligustrina	Baccharis brachylaenoides var. ligustrina	rescue_ncbi_genus		http://www.semanticweb.org/orestah/ontologies/2024/9/phytotherapies#Plant_Baccharis_brachylaenoides_var._ligustrina	5
Plant_Bolinea_lutea_Sacc.	Bolinea lutea Sacc.	reject_genus_not_in_ncbi_plants			0
Plant_Brassia_muricata	Brassia muricata	rescue_ncbi_genus		http://www.semanticweb.org/orestah/ontologies/2024/9/phytotherapies#Plant_Brassia_muricata	5
Plant_Brongniartia_spp.	Brongniartia spp.	reject_unspecified_species			0
Plant_Calceolaria_adscendens	Calceolaria adscendens	rescue_ncbi_genus		http://www.semanticweb.org/orestah/ontologies/2024/9/phytotherapies#Plant_Calceolaria_adscendens	5
Plant_Carex_austrotenella	Carex austrotenella	rescue_ncbi_genus		http://www.semanticweb.org/orestah/ontologies/2024/9/phytotherapies#Plant_Carex_austrotenella	5
Plant_Cayaponia_angustiloba	Cayaponia angustiloba	rescue_ncbi_genus		http://www.semanticweb.org/orestah/ontologies/2024/9/phytotherapies#Plant_Cayaponia_angustiloba	5
Plant_Centaurea_kernerana	Centaurea kernerana	rescue_ncbi_genus		http://www.semanticweb.org/orestah/ontologies/2024/9/phytotherapies#Plant_Centaurea_kernerana	5
Plant_Cerbera_adollam	Cerbera adollam	rescue_ncbi_genus		http://www.semanticweb.org/orestah/ontologies/2024/9/phytotherapies#Plant_Cerbera_adollam	5
Plant_Ceropegia_stalagmifera	Ceropegia stalagmifera	rescue_ncbi_genus		http://www.semanticweb.org/orestah/ontologies/2024/9/phytotherapies#Plant_Ceropegia_stalagmifera	5
Plant_Citrus_flavicarpa	Citrus flavicarpa	rescue_ncbi_genus		http://www.semanticweb.org/orestah/ontologies/2024/9/phytotherapies#Plant_Citrus_flavicarpa	5
Plant_Clycyrrhiza_glabra	Clycyrrhiza glabra	rescue_typo_corrected	Glycyrrhiza glabra	http://www.semanticweb.org/orestah/ontologies/2024/9/phytotherapies#Organism_19080	5
Plant_Cossypium_herbaceum	Cossypium herbaceum	rescue_typo_corrected	Gossypium herbaceum	http://www.semanticweb.org/orestah/ontologies/2024/9/phytotherapies#Plant_Gossypium_Herbaceum	5
Plant_Cotyledon_spp.	Cotyledon spp.	reject_unspecified_species			0
Plant_Cyperus_conicus	Cyperus conicus	rescue_ncbi_genus		http://www.semanticweb.org/orestah/ontologies/2024/9/phytotherapies#Plant_Cyperus_conicus	5
Plant_Cyperus_decompositus	Cyperus decompositus	rescue_ncbi_genus		http://www.semanticweb.org/orestah/ontologies/2024/9/phytotherapies#Plant_Cyperus_decompositus	5
Plant_Cyperus_dietrichiae	Cyperus dietrichiae	rescue_ncbi_genus		http://www.semanticweb.org/orestah/ontologies/2024/9/phytotherapies#Plant_Cyperus_dietrichiae	5
Plant_Cyperus_laevis	Cyperus laevis	rescue_ncbi_genus		http://www.semanticweb.org/orestah/ontologies/2024/9/phytotherapies#Plant_Cyperus_laevis	5
Plant_Cyperus_lhotskyanus	Cyperus lhotskyanus	rescue_ncbi_genus		http://www.semanticweb.org/orestah/ontologies/2024/9/phytotherapies#Plant_Cyperus_lhotskyanus	5
Plant_Cyperus_stradbrokensis	Cyperus stradbrokensis	rescue_ncbi_genus		http://www.semanticweb.org/orestah/ontologies/2024/9/phytotherapies#Plant_Cyperus_stradbrokensis	5
Plant_Cyperus_subulatus	Cyperus subulatus	rescue_ncbi_genus		http://www.semanticweb.org/orestah/ontologies/2024/9/phytotherapies#Plant_Cyperus_subulatus	5
Plant_Dorstenia_bornimiana	Dorstenia bornimiana	rescue_ncbi_genus		http://www.semanticweb.org/orestah/ontologies/2024/9/phytotherapies#Plant_Dorstenia_bornimiana	5
Plant_Erigeron_apiculatus	Erigeron apiculatus	rescue_ncbi_genus		http://www.semanticweb.org/orestah/ontologies/2024/9/phytotherapies#Plant_Erigeron_apiculatus	5
Plant_Eupatorium_jhanii	Eupatorium jhanii	rescue_ncbi_genus		http://www.semanticweb.org/orestah/ontologies/2024/9/phytotherapies#Plant_Eupatorium_jhanii	5
Plant_Euphorbia_macrorrhiza	Euphorbia macrorrhiza	rescue_ncbi_genus		http://www.semanticweb.org/orestah/ontologies/2024/9/phytotherapies#Plant_Euphorbia_macrorrhiza	5
Plant_Euphorbia_magalanta	Euphorbia magalanta	rescue_ncbi_genus		http://www.semanticweb.org/orestah/ontologies/2024/9/phytotherapies#Plant_Euphorbia_magalanta	5
Plant_Fornes_officinalis	Fornes officinalis	reject_genus_not_in_ncbi_plants			0
Plant_Frullania_hamachiloba	Frullania hamachiloba	rescue_ncbi_genus		http://www.semanticweb.org/orestah/ontologies/2024/9/phytotherapies#Plant_Frullania_hamachiloba	5
Plant_G._lindblomi	G. lindblomi	reject_genus_not_in_ncbi_plants			0
Plant_Globularia_nana	Globularia nana	rescue_ncbi_genus		http://www.semanticweb.org/orestah/ontologies/2024/9/phytotherapies#Plant_Globularia_nana	5
Plant_Gnetum_leybodii	Gnetum leybodii	rescue_ncbi_genus		http://www.semanticweb.org/orestah/ontologies/2024/9/phytotherapies#Plant_Gnetum_leybodii	5
Plant_Hilanthus_annuus	Hilanthus annuus	reject_genus_not_in_ncbi_plants			0
Plant_Hippeastrum_glaucescens	Hippeastrum glaucescens	rescue_ncbi_genus		http://www.semanticweb.org/orestah/ontologies/2024/9/phytotherapies#Plant_Hippeastrum_glaucescens	5
Plant_Hugonia_casteneifolia	Hugonia casteneifolia	rescue_ncbi_genus		http://www.semanticweb.org/orestah/ontologies/2024/9/phytotherapies#Plant_Hugonia_casteneifolia	5
Plant_Hypolytrum_latifolium	Hypolytrum latifolium	rescue_ncbi_genus		http://www.semanticweb.org/orestah/ontologies/2024/9/phytotherapies#Plant_Hypolytrum_latifolium	5
Plant_Kaunia_longipetiolata	Kaunia longipetiolata	rescue_ncbi_genus		http://www.semanticweb.org/orestah/ontologies/2024/9/phytotherapies#Plant_Kaunia_longipetiolata	5
Plant_Kinostemon_alborubrum	Kinostemon alborubrum	rescue_ncbi_genus		http://www.semanticweb.org/orestah/ontologies/2024/9/phytotherapies#Plant_Kinostemon_alborubrum	5
Plant_Lampranthus_furvus	Lampranthus furvus	rescue_ncbi_genus		http://www.semanticweb.org/orestah/ontologies/2024/9/phytotherapies#Plant_Lampranthus_furvus	5
Plant_Lampranthus_multiseriatus	Lampranthus multiseriatus	rescue_ncbi_genus		http://www.semanticweb.org/orestah/ontologies/2024/9/phytotherapies#Plant_Lampranthus_multiseriatus	5
Plant_Lepidaploa_sagraeana	Lepidaploa sagraeana	rescue_ncbi_genus		http://www.semanticweb.org/orestah/ontologies/2024/9/phytotherapies#Plant_Lepidaploa_sagraeana	5
Plant_Lepidozia_borneensis	Lepidozia borneensis	rescue_ncbi_genus		http://www.semanticweb.org/orestah/ontologies/2024/9/phytotherapies#Plant_Lepidozia_borneensis	5
Plant_Lippia_Aff._aristata	Lippia Aff. aristata	reject_unspecified_species			0
Plant_Litsea_calophylla	Litsea calophylla	rescue_ncbi_genus		http://www.semanticweb.org/orestah/ontologies/2024/9/phytotherapies#Plant_Litsea_calophylla	5
Plant_Lychnophora_bahiensis	Lychnophora bahiensis	rescue_ncbi_genus		http://www.semanticweb.org/orestah/ontologies/2024/9/phytotherapies#Plant_Lychnophora_bahiensis	5
Plant_Machaerina_huttonii	Machaerina huttonii	rescue_ncbi_genus		http://www.semanticweb.org/orestah/ontologies/2024/9/phytotherapies#Plant_Machaerina_huttonii	5
Plant_Melanoselenium_decipiens	Melanoselenium decipiens	reject_genus_not_in_ncbi_plants			0
Plant_Melicope_reticulata	Melicope reticulata	rescue_ncbi_genus		http://www.semanticweb.org/orestah/ontologies/2024/9/phytotherapies#Plant_Melicope_reticulata	5
Plant_Micromeria_parviflora	Micromeria parviflora	rescue_ncbi_genus		http://www.semanticweb.org/orestah/ontologies/2024/9/phytotherapies#Plant_Micromeria_parviflora	5
Plant_Micromeria_pseudocroatica	Micromeria pseudocroatica	rescue_ncbi_genus		http://www.semanticweb.org/orestah/ontologies/2024/9/phytotherapies#Plant_Micromeria_pseudocroatica	5
Plant_Mikania_parodii	Mikania parodii	rescue_ncbi_genus		http://www.semanticweb.org/orestah/ontologies/2024/9/phytotherapies#Plant_Mikania_parodii	5
Plant_Mollugo_distica	Mollugo distica	rescue_ncbi_genus		http://www.semanticweb.org/orestah/ontologies/2024/9/phytotherapies#Plant_Mollugo_distica	5
Plant_Ocotea_pittieri	Ocotea pittieri	rescue_ncbi_genus		http://www.semanticweb.org/orestah/ontologies/2024/9/phytotherapies#Plant_Ocotea_pittieri	5
Plant_Parinari_congolana	Parinari congolana	rescue_ncbi_genus		http://www.semanticweb.org/orestah/ontologies/2024/9/phytotherapies#Plant_Parinari_congolana	5
Plant_Pentemon_gentianoides_HBK	Pentemon gentianoides HBK	rescue_typo_corrected	Penstemon gentianoides	http://www.semanticweb.org/orestah/ontologies/2024/9/phytotherapies#Organism_46366	5
Plant_Peperomia_oreophila	Peperomia oreophila	rescue_ncbi_genus		http://www.semanticweb.org/orestah/ontologies/2024/9/phytotherapies#Plant_Peperomia_oreophila	5
Plant_Peteravenia_malvaefolia	Peteravenia malvaefolia	rescue_ncbi_genus		http://www.semanticweb.org/orestah/ontologies/2024/9/phytotherapies#Plant_Peteravenia_malvaefolia	5
Plant_Peucedanum_decumbens	Peucedanum decumbens	rescue_ncbi_genus		http://www.semanticweb.org/orestah/ontologies/2024/9/phytotherapies#Plant_Peucedanum_decumbens	5
Plant_Phlomis_kotschyana	Phlomis kotschyana	rescue_ncbi_genus		http://www.semanticweb.org/orestah/ontologies/2024/9/phytotherapies#Plant_Phlomis_kotschyana	5
Plant_Phoenicanthus_obliqua	Phoenicanthus obliqua	rescue_ncbi_genus		http://www.semanticweb.org/orestah/ontologies/2024/9/phytotherapies#Plant_Phoenicanthus_obliqua	5
Plant_Picramnia_P._Antidesma	Picramnia P. Antidesma	rescue_ncbi_genus		http://www.semanticweb.org/orestah/ontologies/2024/9/phytotherapies#Plant_Picramnia_P._Antidesma	5
Plant_Pisum_spp.	Pisum spp.	reject_unspecified_species			0
Plant_Polydora_chloropappa	Polydora chloropappa	rescue_ncbi_genus		http://www.semanticweb.org/orestah/ontologies/2024/9/phytotherapies#Plant_Polydora_chloropappa	5
Plant_Protium_crenatum	Protium crenatum	rescue_ncbi_genus		http://www.semanticweb.org/orestah/ontologies/2024/9/phytotherapies#Plant_Protium_crenatum	5
Plant_Psidium_guyanense	Psidium guyanense	rescue_ncbi_genus		http://www.semanticweb.org/orestah/ontologies/2024/9/phytotherapies#Plant_Psidium_guyanense	5
Plant_Psorospermum_orientale	Psorospermum orientale	rescue_ncbi_genus		http://www.semanticweb.org/orestah/ontologies/2024/9/phytotherapies#Plant_Psorospermum_orientale	5
Plant_Rhodanthe_propinqua	Rhodanthe propinqua	rescue_ncbi_genus		http://www.semanticweb.org/orestah/ontologies/2024/9/phytotherapies#Plant_Rhodanthe_propinqua	5
Plant_Rhodanthe_sterilescens	Rhodanthe sterilescens	rescue_ncbi_genus		http://www.semanticweb.org/orestah/ontologies/2024/9/phytotherapies#Plant_Rhodanthe_sterilescens	5
Plant_Rhynchospora_tenuifolia	Rhynchospora tenuifolia	rescue_ncbi_genus		http://www.semanticweb.org/orestah/ontologies/2024/9/phytotherapies#Plant_Rhynchospora_tenuifolia	5
Plant_Rumex_paulsenianus	Rumex paulsenianus	rescue_ncbi_genus		http://www.semanticweb.org/orestah/ontologies/2024/9/phytotherapies#Plant_Rumex_paulsenianus	5
Plant_Rumex_simpliciflorus	Rumex simpliciflorus	rescue_ncbi_genus		http://www.semanticweb.org/orestah/ontologies/2024/9/phytotherapies#Plant_Rumex_simpliciflorus	5
Plant_Salvia_seravschanica	Salvia seravschanica	rescue_ncbi_genus		http://www.semanticweb.org/orestah/ontologies/2024/9/phytotherapies#Plant_Salvia_seravschanica	5
Plant_Sanguinaria_sp.	Sanguinaria sp.	reject_unspecified_species			0
Plant_Scutellaria_chaematochlora	Scutellaria chaematochlora	rescue_ncbi_genus		http://www.semanticweb.org/orestah/ontologies/2024/9/phytotherapies#Plant_Scutellaria_chaematochlora	5
Plant_Seris_polymorpha	Seris polymorpha	rescue_ncbi_genus		http://www.semanticweb.org/orestah/ontologies/2024/9/phytotherapies#Plant_Seris_polymorpha	5
Plant_Serratula_cichoracea	Serratula cichoracea	rescue_ncbi_genus		http://www.semanticweb.org/orestah/ontologies/2024/9/phytotherapies#Plant_Serratula_cichoracea	5
Plant_Siler_garganicum	Siler garganicum	rescue_ncbi_genus		http://www.semanticweb.org/orestah/ontologies/2024/9/phytotherapies#Plant_Siler_garganicum	5
Plant_Spiraea_brahuica	Spiraea brahuica	rescue_ncbi_genus		http://www.semanticweb.org/orestah/ontologies/2024/9/phytotherapies#Plant_Spiraea_brahuica	5
Plant_Stauntonia_yaoshanensis	Stauntonia yaoshanensis	rescue_ncbi_genus		http://www.semanticweb.org/orestah/ontologies/2024/9/phytotherapies#Plant_Stauntonia_yaoshanensis	5
Plant_Stevia_andina	Stevia andina	rescue_ncbi_genus		http://www.semanticweb.org/orestah/ontologies/2024/9/phytotherapies#Plant_Stevia_andina	5
Plant_Tovomita_pyrifolium	Tovomita pyrifolium	rescue_ncbi_genus		http://www.semanticweb.org/orestah/ontologies/2024/9/phytotherapies#Plant_Tovomita_pyrifolium	5
Plant_Trixis_pterocaulis	Trixis pterocaulis	rescue_ncbi_genus		http://www.semanticweb.org/orestah/ontologies/2024/9/phytotherapies#Plant_Trixis_pterocaulis	5
Plant_Uncaria_veluntina	Uncaria veluntina	rescue_ncbi_genus		http://www.semanticweb.org/orestah/ontologies/2024/9/phytotherapies#Plant_Uncaria_veluntina	5
Plant_Valeriana_brachystemon	Valeriana brachystemon	rescue_ncbi_genus		http://www.semanticweb.org/orestah/ontologies/2024/9/phytotherapies#Plant_Valeriana_brachystemon	5
Plant_Valeriana_glechomifolia	Valeriana glechomifolia	rescue_ncbi_genus		http://www.semanticweb.org/orestah/ontologies/2024/9/phytotherapies#Plant_Valeriana_glechomifolia	5
Plant_Verbascum_leucophyllum	Verbascum leucophyllum	rescue_ncbi_genus		http://www.semanticweb.org/orestah/ontologies/2024/9/phytotherapies#Plant_Verbascum_leucophyllum	5
Plant_Vernonanthura_menthaefolia	Vernonanthura menthaefolia	rescue_ncbi_genus		http://www.semanticweb.org/orestah/ontologies/2024/9/phytotherapies#Plant_Vernonanthura_menthaefolia	5
Plant_Vitis_doniana	Vitis doniana	rescue_ncbi_genus		http://www.semanticweb.org/orestah/ontologies/2024/9/phytotherapies#Plant_Vitis_doniana	5
Plant_Wedelia_hispidantha	Wedelia hispidantha	rescue_ncbi_genus		http://www.semanticweb.org/orestah/ontologies/2024/9/phytotherapies#Plant_Wedelia_hispidantha	5
Plant_artabottys_maingayi	artabottys maingayi	rescue_typo_corrected	Artabotrys maingayi	http://www.semanticweb.org/orestah/ontologies/2024/9/phytotherapies#Plant_Artabotrys_Maingayi	5
Plant_buddleja_yunanesis	buddleja yunanesis	rescue_ncbi_genus		http://www.semanticweb.org/orestah/ontologies/2024/9/phytotherapies#Plant_buddleja_yunanesis	5
Plant_Acangelisia_gusanlung	Acangelisia gusanlung	rescue_typo_corrected	Arcangelisia gusanlung	http://www.semanticweb.org/orestah/ontologies/2024/9/phytotherapies#Organism_20007	4
Plant_Achyrocline_albicans	Achyrocline albicans	rescue_ncbi_genus		http://www.semanticweb.org/orestah/ontologies/2024/9/phytotherapies#Plant_Achyrocline_albicans	4
Plant_Aconitum_longtounens_T.L.Ming.	Aconitum longtounens T.L.Ming.	rescue_ncbi_genus		http://www.semanticweb.org/orestah/ontologies/2024/9/phytotherapies#Plant_Aconitum_longtounens_T.L.Ming.	4
Plant_Adenocarpus_artemisifolius	Adenocarpus artemisifolius	rescue_ncbi_genus		http://www.semanticweb.org/orestah/ontologies/2024/9/phytotherapies#Plant_Adenocarpus_artemisifolius	4
Plant_Ajuga_postii	Ajuga postii	rescue_ncbi_genus		http://www.semanticweb.org/orestah/ontologies/2024/9/phytotherapies#Plant_Ajuga_postii	4
Plant_Alluaudia_spp.	Alluaudia spp.	reject_unspecified_species			0
Plant_Animal_Venoms	Animal Venoms	reject_genus_not_in_ncbi_plants			0
Plant_Aristolochia_manchuriensis	Aristolochia manchuriensis	rescue_ncbi_genus		http://www.semanticweb.org/orestah/ontologies/2024/9/phytotherapies#Plant_Aristolochia_manchuriensis	4
Plant_Artemisia_ashurbajevii	Artemisia ashurbajevii	rescue_ncbi_genus		http://www.semanticweb.org/orestah/ontologies/2024/9/phytotherapies#Plant_Artemisia_ashurbajevii	4
Plant_Astragalus_uninodus	Astragalus uninodus	rescue_ncbi_genus		http://www.semanticweb.org/orestah/ontologies/2024/9/phytotherapies#Plant_Astragalus_uninodus	4
Plant_Ayapana_elata	Ayapana elata	rescue_ncbi_genus		http://www.semanticweb.org/orestah/ontologies/2024/9/phytotherapies#Plant_Ayapana_elata	4
Plant_Baccharis_gillesii	Baccharis gillesii	rescue_ncbi_genus		http://www.semanticweb.org/orestah/ontologies/2024/9/phytotherapies#Plant_Baccharis_gillesii	4
Plant_Befaria_glutinosa	Befaria glutinosa	reject_genus_not_in_ncbi_plants			0
Plant_Beilschmiedia_anacardiolides	Beilschmiedia anacardiolides	rescue_ncbi_genus		http://www.semanticweb.org/orestah/ontologies/2024/9/phytotherapies#Plant_Beilschmiedia_anacardiolides	4
Plant_Blepharis_linearifolia	Blepharis linearifolia	rescue_ncbi_genus		http://www.semanticweb.org/orestah/ontologies/2024/9/phytotherapies#Plant_Blepharis_linearifolia	4
Plant_Blumea_malcomii	Blumea malcomii	rescue_ncbi_genus		http://www.semanticweb.org/orestah/ontologies/2024/9/phytotherapies#Plant_Blumea_malcomii	4
Plant_Bowenia_spp.	Bowenia spp.	reject_unspecified_species			0
Plant_Brunfelsia_latiflora_Pohl_Benth.	Brunfelsia latiflora (Pohl) Benth.	rescue_ncbi_genus		http://www.semanticweb.org/orestah/ontologies/2024/9/phytotherapies#Plant_Brunfelsia_latiflora_Pohl_Benth.	4
Plant_Camaecytisus_absinthioides	Camaecytisus absinthioides	rescue_typo_corrected	Chamaecytisus absinthioides	http://www.semanticweb.org/orestah/ontologies/2024/9/phytotherapies#Organism_6434	4
Plant_Centaurea_marschalliana	Centaurea marschalliana	rescue_ncbi_genus		http://www.semanticweb.org/orestah/ontologies/2024/9/phytotherapies#Plant_Centaurea_marschalliana	4
Plant_Cheiranthus_sp.	Cheiranthus sp.	reject_unspecified_species			0
Plant_Chromolaena_chasleae	Chromolaena chasleae	rescue_ncbi_genus		http://www.semanticweb.org/orestah/ontologies/2024/9/phytotherapies#Plant_Chromolaena_chasleae	4
Plant_Chrysosplenium_glechomaefolium	Chrysosplenium glechomaefolium	rescue_ncbi_genus		http://www.semanticweb.org/orestah/ontologies/2024/9/phytotherapies#Plant_Chrysosplenium_glechomaefolium	4
Plant_Cicer_songoricum	Cicer songoricum	rescue_ncbi_genus		http://www.semanticweb.org/orestah/ontologies/2024/9/phytotherapies#Plant_Cicer_songoricum	4
Plant_Cryptocodon_monocephalus	Cryptocodon monocephalus	reject_genus_not_in_ncbi_plants			0
Plant_Cucurbitacea_sp.	Cucurbitacea sp.	reject_unspecified_species			0
Plant_Cyperus_oxycarpus	Cyperus oxycarpus	rescue_ncbi_genus		http://www.semanticweb.org/orestah/ontologies/2024/9/phytotherapies#Plant_Cyperus_oxycarpus	4
Plant_Delphinium_pyrimadale	Delphinium pyrimadale	rescue_ncbi_genus		http://www.semanticweb.org/orestah/ontologies/2024/9/phytotherapies#Plant_Delphinium_pyrimadale	4
Plant_Dendrobium_spp.	Dendrobium spp.	reject_unspecified_species			0
Plant_Dendronephythya_sp.	Dendronephythya sp.	reject_unspecified_species			0
Plant_Desmos_longifolia	Desmos longifolia	rescue_ncbi_genus		http://www.semanticweb.org/orestah/ontologies/2024/9/phytotherapies#Plant_Desmos_longifolia	4
Plant_Dionaea_sp.	Dionaea sp.	reject_unspecified_species			0
Plant_Dryopteris_spp.	Dryopteris spp.	reject_unspecified_species			0
Plant_Elastostema_sinuata	Elastostema sinuata	reject_genus_not_in_ncbi_plants			0
Plant_Enicostemma_hyssopifolium	Enicostemma hyssopifolium	reject_genus_not_in_ncbi_plants			0
Plant_Eriostemon_cynobiformis	Eriostemon cynobiformis	rescue_ncbi_genus		http://www.semanticweb.org/orestah/ontologies/2024/9/phytotherapies#Plant_Eriostemon_cynobiformis	4
Plant_Erodium_tunetanum	Erodium tunetanum	rescue_ncbi_genus		http://www.semanticweb.org/orestah/ontologies/2024/9/phytotherapies#Plant_Erodium_tunetanum	4
Plant_Eumorphia_spp.	Eumorphia spp.	reject_unspecified_species			0
Plant_Family_plakiniidae	Family plakiniidae	reject_genus_not_in_ncbi_plants			0
Plant_Ferulago_aucheri	Ferulago aucheri	rescue_ncbi_genus		http://www.semanticweb.org/orestah/ontologies/2024/9/phytotherapies#Plant_Ferulago_aucheri	4
Plant_Fimbristylis_squarrulosa	Fimbristylis squarrulosa	rescue_ncbi_genus		http://www.semanticweb.org/orestah/ontologies/2024/9/phytotherapies#Plant_Fimbristylis_squarrulosa	4
Plant_Flourensia_campestris	Flourensia campestris	rescue_ncbi_genus		http://www.semanticweb.org/orestah/ontologies/2024/9/phytotherapies#Plant_Flourensia_campestris	4
Plant_Flourensia_hirsuta	Flourensia hirsuta	rescue_ncbi_genus		http://www.semanticweb.org/orestah/ontologies/2024/9/phytotherapies#Plant_Flourensia_hirsuta	4
Plant_Fructus_arctii	Fructus arctii	reject_pharmacognosy_name			0
Plant_Fructus_foeniculi	Fructus foeniculi	reject_pharmacognosy_name			0
Plant_Fructus_gleditsiae_abnormalis	Fructus gleditsiae abnormalis	reject_pharmacognosy_name			0
Plant_Fructus_malvae	Fructus malvae	reject_pharmacognosy_name			0
Plant_Fuchsia_campos-portoi	Fuchsia campos-portoi	rescue_ncbi_genus		http://www.semanticweb.org/orestah/ontologies/2024/9/phytotherapies#Plant_Fuchsia_campos-portoi	4
Plant_Genista_tejedensis	Genista tejedensis	rescue_ncbi_genus		http://www.semanticweb.org/orestah/ontologies/2024/9/phytotherapies#Plant_Genista_tejedensis	4
Plant_Guarea_G._grandiflora	Guarea G. grandiflora	rescue_ncbi_genus		http://www.semanticweb.org/orestah/ontologies/2024/9/phytotherapies#Plant_Guarea_G._grandiflora	4
Plant_Guarea_rhophalocarpa	Guarea rhophalocarpa	rescue_ncbi_genus		http://www.semanticweb.org/orestah/ontologies/2024/9/phytotherapies#Plant_Guarea_rhophalocarpa	4
Plant_Gymnostemma_pentaphyllum	Gymnostemma pentaphyllum	rescue_typo_corrected	Gynostemma pentaphyllum	http://www.semanticweb.org/orestah/ontologies/2024/9/phytotherapies#Plant_Gynostemma_Pentaphyllum	4
Plant_Haemanthus_katherinae	Haemanthus katherinae	rescue_ncbi_genus		http://www.semanticweb.org/orestah/ontologies/2024/9/phytotherapies#Plant_Haemanthus_katherinae	4
Plant_Haplopappus_sonorensis	Haplopappus sonorensis	rescue_ncbi_genus		http://www.semanticweb.org/orestah/ontologies/2024/9/phytotherapies#Plant_Haplopappus_sonorensis	4
Plant_Heracleum_yunngningense	Heracleum yunngningense	rescue_ncbi_genus		http://www.semanticweb.org/orestah/ontologies/2024/9/phytotherapies#Plant_Heracleum_yunngningense	4
Plant_Homalium_zeylanicum	Homalium zeylanicum	rescue_ncbi_genus		http://www.semanticweb.org/orestah/ontologies/2024/9/phytotherapies#Plant_Homalium_zeylanicum	4
Plant_Huperzia_guangdongensis	Huperzia guangdongensis	rescue_ncbi_genus		http://www.semanticweb.org/orestah/ontologies/2024/9/phytotherapies#Plant_Huperzia_guangdongensis	4
Plant_Hypochaeris_setosus_Rusby	Hypochaeris setosus Rusby	rescue_ncbi_genus		http://www.semanticweb.org/orestah/ontologies/2024/9/phytotherapies#Plant_Hypochaeris_setosus_Rusby	4
Plant_Isodon_xerophylus	Isodon xerophylus	rescue_ncbi_genus		http://www.semanticweb.org/orestah/ontologies/2024/9/phytotherapies#Plant_Isodon_xerophylus	4
Plant_Itea_maesaefolia	Itea maesaefolia	rescue_ncbi_genus		http://www.semanticweb.org/orestah/ontologies/2024/9/phytotherapies#Plant_Itea_maesaefolia	4
Plant_Justicia_nemorosa	Justicia nemorosa	rescue_ncbi_genus		http://www.semanticweb.org/orestah/ontologies/2024/9/phytotherapies#Plant_Justicia_nemorosa	4
Plant_Kielmeyera_ferruginea	Kielmeyera ferruginea	rescue_ncbi_genus		http://www.semanticweb.org/orestah/ontologies/2024/9/phytotherapies#Plant_Kielmeyera_ferruginea	4
Plant_Lantana_tiliaefolia	Lantana tiliaefolia	rescue_ncbi_genus		http://www.semanticweb.org/orestah/ontologies/2024/9/phytotherapies#Plant_Lantana_tiliaefolia	4
Plant_Leontice_smirnovii	Leontice smirnovii	rescue_ncbi_genus		http://www.semanticweb.org/orestah/ontologies/2024/9/phytotherapies#Plant_Leontice_smirnovii	4
Plant_Lepidaploa_pineticola	Lepidaploa pineticola	rescue_ncbi_genus		http://www.semanticweb.org/orestah/ontologies/2024/9/phytotherapies#Plant_Lepidaploa_pineticola	4
Plant_Lepidosperma_flexuosum	Lepidosperma flexuosum	rescue_ncbi_genus		http://www.semanticweb.org/orestah/ontologies/2024/9/phytotherapies#Plant_Lepidosperma_flexuosum	4
Plant_Lepidosperma_pruinosum	Lepidosperma pruinosum	rescue_ncbi_genus		http://www.semanticweb.org/orestah/ontologies/2024/9/phytotherapies#Plant_Lepidosperma_pruinosum	4
Plant_Lepidosperma_tenue	Lepidosperma tenue	rescue_ncbi_genus		http://www.semanticweb.org/orestah/ontologies/2024/9/phytotherapies#Plant_Lepidosperma_tenue	4
Plant_Leucojium_autumnale	Leucojium autumnale	rescue_typo_corrected	Leucojum autumnale	http://www.semanticweb.org/orestah/ontologies/2024/9/phytotherapies#Plant_Leucojum_autumnale	4
Plant_Lippia_dauensis	Lippia dauensis	rescue_ncbi_genus		http://www.semanticweb.org/orestah/ontologies/2024/9/phytotherapies#Plant_Lippia_dauensis	4
Plant_Lisianthus_seemannii	Lisianthus seemannii	rescue_ncbi_genus		http://www.semanticweb.org/orestah/ontologies/2024/9/phytotherapies#Plant_Lisianthus_seemannii	4
Plant_Luvunga_angustifolia	Luvunga angustifolia	rescue_ncbi_genus		http://www.semanticweb.org/orestah/ontologies/2024/9/phytotherapies#Plant_Luvunga_angustifolia	4
Plant_Machilus_acuminatissima	Machilus acuminatissima	rescue_ncbi_genus		http://www.semanticweb.org/orestah/ontologies/2024/9/phytotherapies#Plant_Machilus_acuminatissima	4
Plant_Mesomelaena_preissii	Mesomelaena preissii	rescue_ncbi_genus		http://www.semanticweb.org/orestah/ontologies/2024/9/phytotherapies#Plant_Mesomelaena_preissii	4
Plant_Mikania_urticaefolia	Mikania urticaefolia	rescue_ncbi_genus		http://www.semanticweb.org/orestah/ontologies/2024/9/phytotherapies#Plant_Mikania_urticaefolia	4
Plant_Milletia_ovalifolia	Milletia ovalifolia	reject_genus_not_in_ncbi_plants			0
Plant_Mucuna_imbricata	Mucuna imbricata	rescue_ncbi_genus		http://www.semanticweb.org/orestah/ontologies/2024/9/phytotherapies#Plant_Mucuna_imbricata	4
Plant_Natrii_sulfas	Natrii sulfas	reject_genus_not_in_ncbi_plants			0
Plant_Neomirandea_parasitica	Neomirandea parasitica	rescue_ncbi_genus		http://www.semanticweb.org/orestah/ontologies/2024/9/phytotherapies#Plant_Neomirandea_parasitica	4
Plant_Notylia_fragrans	Notylia fragrans	rescue_ncbi_genus		http://www.semanticweb.org/orestah/ontologies/2024/9/phytotherapies#Plant_Notylia_fragrans	4
Plant_Ocotea_holdridgeiana	Ocotea holdridgeiana	rescue_ncbi_genus		http://www.semanticweb.org/orestah/ontologies/2024/9/phytotherapies#Plant_Ocotea_holdridgeiana	4
Plant_Ocotea_holdrigeiana	Ocotea holdrigeiana	rescue_ncbi_genus		http://www.semanticweb.org/orestah/ontologies/2024/9/phytotherapies#Plant_Ocotea_holdrigeiana	4
Plant_Onopordon_laconicum	Onopordon laconicum	rescue_ncbi_genus		http://www.semanticweb.org/orestah/ontologies/2024/9/phytotherapies#Plant_Onopordon_laconicum	4
Plant_Oxera_morieri	Oxera morieri	rescue_ncbi_genus		http://www.semanticweb.org/orestah/ontologies/2024/9/phytotherapies#Plant_Oxera_morieri	4
Plant_Panacis_majoris	Panacis majoris	reject_genus_not_in_ncbi_plants			0
Plant_Pandaca_mocquerysii	Pandaca mocquerysii	rescue_ncbi_genus		http://www.semanticweb.org/orestah/ontologies/2024/9/phytotherapies#Plant_Pandaca_mocquerysii	4
Plant_Pappobolus_sagasteguii	Pappobolus sagasteguii	rescue_ncbi_genus		http://www.semanticweb.org/orestah/ontologies/2024/9/phytotherapies#Plant_Pappobolus_sagasteguii	4
Plant_Paralimyxa_miuraensis	Paralimyxa miuraensis	reject_genus_not_in_ncbi_plants			0
Plant_Parazoanhus_sp.	Parazoanhus sp.	reject_unspecified_species			0
Plant_Parinari_littoralis	Parinari littoralis	rescue_ncbi_genus		http://www.semanticweb.org/orestah/ontologies/2024/9/phytotherapies#Plant_Parinari_littoralis	4
Plant_Parinari_maguirei	Parinari maguirei	rescue_ncbi_genus		http://www.semanticweb.org/orestah/ontologies/2024/9/phytotherapies#Plant_Parinari_maguirei	4
Plant_Paullinia_trifoliata	Paullinia trifoliata	rescue_ncbi_genus		http://www.semanticweb.org/orestah/ontologies/2024/9/phytotherapies#Plant_Paullinia_trifoliata	4
Plant_Pentaphalangium_solomonse	Pentaphalangium solomonse	rescue_ncbi_genus		http://www.semanticweb.org/orestah/ontologies/2024/9/phytotherapies#Plant_Pentaphalangium_solomonse	4
Plant_Peperomia_campylotropa	Peperomia campylotropa	rescue_ncbi_genus		http://www.semanticweb.org/orestah/ontologies/2024/9/phytotherapies#Plant_Peperomia_campylotropa	4
Plant_Phonus_mareoticus	Phonus mareoticus	rescue_ncbi_genus		http://www.semanticweb.org/orestah/ontologies/2024/9/phytotherapies#Plant_Phonus_mareoticus	4
Plant_Picrorhiza_scrophulariaeflora	Picrorhiza scrophulariaeflora	rescue_ncbi_genus		http://www.semanticweb.org/orestah/ontologies/2024/9/phytotherapies#Plant_Picrorhiza_scrophulariaeflora	4
Plant_Pimpinella_javana	Pimpinella javana	rescue_ncbi_genus		http://www.semanticweb.org/orestah/ontologies/2024/9/phytotherapies#Plant_Pimpinella_javana	4
Plant_Plakoris_sp.	Plakoris sp.	reject_unspecified_species			0
Plant_Plerula_sp.	Plerula sp.	reject_unspecified_species			0
Plant_Polyalthia_olivieri	Polyalthia olivieri	rescue_ncbi_genus		http://www.semanticweb.org/orestah/ontologies/2024/9/phytotherapies#Plant_Polyalthia_olivieri	4
Plant_Prunus_buergeri	Prunus buergeri	rescue_ncbi_genus		http://www.semanticweb.org/orestah/ontologies/2024/9/phytotherapies#Plant_Prunus_buergeri	4
Plant_Pseudoaxinissa_digitata	Pseudoaxinissa digitata	reject_genus_not_in_ncbi_plants			0
Plant_Pufferfish_takifugu	Pufferfish takifugu	reject_genus_not_in_ncbi_plants			0
Plant_Puya_assurgens	Puya assurgens	rescue_ncbi_genus		http://www.semanticweb.org/orestah/ontologies/2024/9/phytotherapies#Plant_Puya_assurgens	4
Plant_Ramuius_wallichii	Ramuius wallichii	reject_genus_not_in_ncbi_plants			0
Plant_Renealmia_chrysotricha	Renealmia chrysotricha	rescue_ncbi_genus		http://www.semanticweb.org/orestah/ontologies/2024/9/phytotherapies#Plant_Renealmia_chrysotricha	4
Plant_Reneilmia_cincinnata	Reneilmia cincinnata	rescue_typo_corrected	Renealmia cincinnata	http://www.semanticweb.org/orestah/ontologies/2024/9/phytotherapies#Organism_56951	4
Plant_Rhamnus_hirtellus	Rhamnus hirtellus	rescue_ncbi_genus		http://www.semanticweb.org/orestah/ontologies/2024/9/phytotherapies#Plant_Rhamnus_hirtellus	4
Plant_Rothmaleria_granatensis	Rothmaleria granatensis	reject_genus_not_in_ncbi_plants			0
Plant_Rumex_ruwenzoriensis	Rumex ruwenzoriensis	rescue_ncbi_genus		http://www.semanticweb.org/orestah/ontologies/2024/9/phytotherapies#Plant_Rumex_ruwenzoriensis	4
Plant_Sacococca_vagans	Sacococca vagans	reject_genus_not_in_ncbi_plants			0
Plant_Salvia_uruapana	Salvia uruapana	rescue_ncbi_genus		http://www.semanticweb.org/orestah/ontologies/2024/9/phytotherapies#Plant_Salvia_uruapana	4
Plant_Sarcophyton_solidum	Sarcophyton solidum	rescue_ncbi_genus		http://www.semanticweb.org/orestah/ontologies/2024/9/phytotherapies#Plant_Sarcophyton_solidum	4
Plant_Scopolia_sp.	Scopolia sp.	reject_unspecified_species			0
Plant_Senecio_crispus	Senecio crispus	rescue_ncbi_genus		http://www.semanticweb.org/orestah/ontologies/2024/9/phytotherapies#Plant_Senecio_crispus	4
Plant_Senecio_heterotrichius	Senecio heterotrichius	rescue_ncbi_genus		http://www.semanticweb.org/orestah/ontologies/2024/9/phytotherapies#Plant_Senecio_heterotrichius	4
Plant_Senecio_neaei	Senecio neaei	rescue_ncbi_genus		http://www.semanticweb.org/orestah/ontologies/2024/9/phytotherapies#Plant_Senecio_neaei	4
Plant_Senecio_othonnaeflorus	Senecio othonnaeflorus	rescue_ncbi_genus		http://www.semanticweb.org/orestah/ontologies/2024/9/phytotherapies#Plant_Senecio_othonnaeflorus	4
Plant_Senecio_ragonesei	Senecio ragonesei	rescue_ncbi_genus		http://www.semanticweb.org/orestah/ontologies/2024/9/phytotherapies#Plant_Senecio_ragonesei	4
Plant_Siparuna_griseo-flavescens	Siparuna griseo-flavescens	rescue_ncbi_genus		http://www.semanticweb.org/orestah/ontologies/2024/9/phytotherapies#Plant_Siparuna_griseo-flavescens	4
Plant_Siphonoglossa_S._mexicana	Siphonoglossa S. mexicana	rescue_ncbi_genus		http://www.semanticweb.org/orestah/ontologies/2024/9/phytotherapies#Plant_Siphonoglossa_S._mexicana	4
Plant_Stevia_satureifolia	Stevia satureifolia	rescue_ncbi_genus		http://www.semanticweb.org/orestah/ontologies/2024/9/phytotherapies#Plant_Stevia_satureifolia	4
Plant_Teclea_ouabanguiensis	Teclea ouabanguiensis	rescue_ncbi_genus		http://www.semanticweb.org/orestah/ontologies/2024/9/phytotherapies#Plant_Teclea_ouabanguiensis	4
Plant_Testa_arachidis_hypogaeae	Testa arachidis hypogaeae	reject_genus_not_in_ncbi_plants			0
Plant_Tetracystis_intermidium	Tetracystis intermidium	rescue_ncbi_genus		http://www.semanticweb.org/orestah/ontologies/2024/9/phytotherapies#Plant_Tetracystis_intermidium	4
Plant_Thalictrum_fargestii	Thalictrum fargestii	rescue_ncbi_genus		http://www.semanticweb.org/orestah/ontologies/2024/9/phytotherapies#Plant_Thalictrum_fargestii	4
Plant_Unum_usitatissimum	Unum usitatissimum	reject_genus_not_in_ncbi_plants			0
Plant_Vellozia_glandulifera	Vellozia glandulifera	rescue_ncbi_genus		http://www.semanticweb.org/orestah/ontologies/2024/9/phytotherapies#Plant_Vellozia_glandulifera	4
Plant_Verbascum_spectabile	Verbascum spectabile	rescue_ncbi_genus		http://www.semanticweb.org/orestah/ontologies/2024/9/phytotherapies#Plant_Verbascum_spectabile	4
Plant_Vernonanthura_amplexicaulis	Vernonanthura amplexicaulis	rescue_ncbi_genus		http://www.semanticweb.org/orestah/ontologies/2024/9/phytotherapies#Plant_Vernonanthura_amplexicaulis	4
Plant_Veticillium_lecanii	Veticillium lecanii	reject_genus_not_in_ncbi_plants			0
Plant_Xinea_florida	Xinea florida	reject_genus_not_in_ncbi_plants			0
Plant_Zonariu_toumefortii	Zonariu toumefortii	reject_genus_not_in_ncbi_plants			0
Plant_buchenavia_parviflora	buchenavia parviflora	rescue_ncbi_genus		http://www.semanticweb.org/orestah/ontologies/2024/9/phytotherapies#Plant_buchenavia_parviflora	4
Plant_madagascan_sponges	madagascan sponges	reject_genus_not_in_ncbi_plants			0
Plant_polyalthia_crasa	polyalthia crasa	rescue_ncbi_genus		http://www.semanticweb.org/orestah/ontologies/2024/9/phytotherapies#Plant_polyalthia_crasa	4
Plant_riccardia_polyclada	riccardia polyclada	rescue_ncbi_genus		http://www.semanticweb.org/orestah/ontologies/2024/9/phytotherapies#Plant_riccardia_polyclada	4
Plant_Aconitum_zeravchanicum	Aconitum zeravchanicum	rescue_ncbi_genus		http://www.semanticweb.org/orestah/ontologies/2024/9/phytotherapies#Plant_Aconitum_zeravchanicum	3
Plant_Agastache_formosana	Agastache formosana	rescue_ncbi_genus		http://www.semanticweb.org/orestah/ontologies/2024/9/phytotherapies#Plant_Agastache_formosana	3
Plant_Agrostophyllum_khasiyanum	Agrostophyllum khasiyanum	rescue_ncbi_genus		http://www.semanticweb.org/orestah/ontologies/2024/9/phytotherapies#Plant_Agrostophyllum_khasiyanum	3
Plant_Almeidia_coerulea	Almeidia coerulea	rescue_typo_corrected	Almeidea coerulea	http://www.semanticweb.org/orestah/ontologies/2024/9/phytotherapies#Organism_35279	3
Plant_Amelaria_mellea	Amelaria mellea	reject_genus_not_in_ncbi_plants			0
Plant_Andocymbium_palaestinum	Andocymbium palaestinum	rescue_typo_corrected	Androcymbium palaestinum	http://www.semanticweb.org/orestah/ontologies/2024/9/phytotherapies#Organism_19534	3
Plant_Anisotes_sessiflorus	Anisotes sessiflorus	rescue_ncbi_genus		http://www.semanticweb.org/orestah/ontologies/2024/9/phytotherapies#Plant_Anisotes_sessiflorus	3
Plant_Apatococcus_constipatus	Apatococcus constipatus	rescue_ncbi_genus		http://www.semanticweb.org/orestah/ontologies/2024/9/phytotherapies#Plant_Apatococcus_constipatus	3
Plant_Aristolochia_versicolar	Aristolochia versicolar	rescue_ncbi_genus		http://www.semanticweb.org/orestah/ontologies/2024/9/phytotherapies#Plant_Aristolochia_versicolar	3
Plant_Aster_shimadai	Aster shimadai	rescue_ncbi_genus		http://www.semanticweb.org/orestah/ontologies/2024/9/phytotherapies#Plant_Aster_shimadai	3
Plant_Baccharis_confertifolia	Baccharis confertifolia	rescue_ncbi_genus		http://www.semanticweb.org/orestah/ontologies/2024/9/phytotherapies#Plant_Baccharis_confertifolia	3
Plant_Berberis_paravirescens	Berberis paravirescens	rescue_ncbi_genus		http://www.semanticweb.org/orestah/ontologies/2024/9/phytotherapies#Plant_Berberis_paravirescens	3
Plant_Berberis_waziristanica	Berberis waziristanica	rescue_ncbi_genus		http://www.semanticweb.org/orestah/ontologies/2024/9/phytotherapies#Plant_Berberis_waziristanica	3
Plant_Beta_spp.	Beta spp.	reject_unspecified_species			0
Plant_Bilis_porci	Bilis porci	reject_genus_not_in_ncbi_plants			0
Plant_Brucea_japonica	Brucea japonica	rescue_ncbi_genus		http://www.semanticweb.org/orestah/ontologies/2024/9/phytotherapies#Plant_Brucea_japonica	3
Plant_Cacalia_spp.	Cacalia spp.	reject_unspecified_species			0
Plant_Calendula_spp.	Calendula spp.	reject_unspecified_species			0
Plant_Camoensis_maxima	Camoensis maxima	reject_genus_not_in_ncbi_plants			0
Plant_Carramboa_wurdackii	Carramboa wurdackii	rescue_ncbi_genus		http://www.semanticweb.org/orestah/ontologies/2024/9/phytotherapies#Plant_Carramboa_wurdackii	3
Plant_Cassiope_spp.	Cassiope spp.	reject_unspecified_species			0
Plant_Catha_sp.	Catha sp.	reject_unspecified_species			0
Plant_Cicer_mogolatvicum	Cicer mogolatvicum	rescue_ncbi_genus		http://www.semanticweb.org/orestah/ontologies/2024/9/phytotherapies#Plant_Cicer_mogolatvicum	3
Plant_Clerodendrum_phlomoides	Clerodendrum phlomoides	rescue_ncbi_genus		http://www.semanticweb.org/orestah/ontologies/2024/9/phytotherapies#Plant_Clerodendrum_phlomoides	3
Plant_Comus_officinalis	Comus officinalis	reject_genus_not_in_ncbi_plants			0
Plant_Conyza_sticta	Conyza sticta	rescue_ncbi_genus		http://www.semanticweb.org/orestah/ontologies/2024/9/phytotherapies#Plant_Conyza_sticta	3
Plant_Corydalis_paniculugera_Rgl.	Corydalis paniculugera Rgl.	rescue_ncbi_genus		http://www.semanticweb.org/orestah/ontologies/2024/9/phytotherapies#Plant_Corydalis_paniculugera_Rgl.	3
Plant_Cylindrospormum_sp.	Cylindrospormum sp.	reject_unspecified_species			0
Plant_Daniella_ogea	Daniella ogea	rescue_typo_corrected	Daniellia ogea	http://www.semanticweb.org/orestah/ontologies/2024/9/phytotherapies#Organism_14851	3
Plant_Datura_leichardtii_F.Muell.ex_Benth	Datura leichardtii F.Muell.ex Benth	rescue_ncbi_genus		http://www.semanticweb.org/orestah/ontologies/2024/9/phytotherapies#Plant_Datura_leichardtii_F.Muell.ex_Benth	3
Plant_Didymocarpus_aurantiaca	Didymocarpus aurantiaca	rescue_ncbi_genus		http://www.semanticweb.org/orestah/ontologies/2024/9/phytotherapies#Plant_Didymocarpus_aurantiaca	3
Plant_Diospyros_candalleana	Diospyros candalleana	rescue_ncbi_genus		http://www.semanticweb.org/orestah/ontologies/2024/9/phytotherapies#Plant_Diospyros_candalleana	3
Plant_Diphasiastrum_carolinum	Diphasiastrum carolinum	rescue_ncbi_genus		http://www.semanticweb.org/orestah/ontologies/2024/9/phytotherapies#Plant_Diphasiastrum_carolinum	3
Plant_Diphysa_D._robinioides	Diphysa D. robinioides	rescue_ncbi_genus		http://www.semanticweb.org/orestah/ontologies/2024/9/phytotherapies#Plant_Diphysa_D._robinioides	3
Plant_Dorstenia_dinklagii	Dorstenia dinklagii	rescue_ncbi_genus		http://www.semanticweb.org/orestah/ontologies/2024/9/phytotherapies#Plant_Dorstenia_dinklagii	3
Plant_Dryas_sp.	Dryas sp.	reject_unspecified_species			0
Plant_Drymosiphon_pamphylicus	Drymosiphon pamphylicus	rescue_ncbi_genus		http://www.semanticweb.org/orestah/ontologies/2024/9/phytotherapies#Plant_Drymosiphon_pamphylicus	3
Plant_Endiandra_jonesii	Endiandra jonesii	rescue_ncbi_genus		http://www.semanticweb.org/orestah/ontologies/2024/9/phytotherapies#Plant_Endiandra_jonesii	3
Plant_Endicheria_aff.	Endicheria aff.	reject_unspecified_species			0
Plant_Esenbeckia_stephanii	Esenbeckia stephanii	rescue_ncbi_genus		http://www.semanticweb.org/orestah/ontologies/2024/9/phytotherapies#Plant_Esenbeckia_stephanii	3
Plant_Espeletia_wurdackii	Espeletia wurdackii	rescue_ncbi_genus		http://www.semanticweb.org/orestah/ontologies/2024/9/phytotherapies#Plant_Espeletia_wurdackii	3
Plant_Espostoa_huanucensis	Espostoa huanucensis	rescue_ncbi_genus		http://www.semanticweb.org/orestah/ontologies/2024/9/phytotherapies#Plant_Espostoa_huanucensis	3
Plant_Eudiandra_anthropophagorum	Eudiandra anthropophagorum	rescue_typo_corrected	Endiandra anthropophagorum	http://www.semanticweb.org/orestah/ontologies/2024/9/phytotherapies#Plant_Endiandra_Anthropophagorum	3
Plant_Euonymus_verrucosides	Euonymus verrucosides	rescue_ncbi_genus		http://www.semanticweb.org/orestah/ontologies/2024/9/phytotherapies#Plant_Euonymus_verrucosides	3
Plant_Eupatortum_urticaefolium	Eupatortum urticaefolium	reject_genus_not_in_ncbi_plants			0
Plant_Ferulago_brachyloba	Ferulago brachyloba	rescue_ncbi_genus		http://www.semanticweb.org/orestah/ontologies/2024/9/phytotherapies#Plant_Ferulago_brachyloba	3
Plant_Flindersia_spp.	Flindersia spp.	reject_unspecified_species			0
Plant_Folium_aconiti	Folium aconiti	reject_pharmacognosy_name			0
Plant_Folium_polygoni	Folium polygoni	reject_pharmacognosy_name			0
Plant_Folium_viticis_negundo	Folium viticis negundo	reject_pharmacognosy_name			0
Plant_Fructus_carpesii	Fructus carpesii	reject_pharmacognosy_name			0
Plant_Frullania_brotheri	Frullania brotheri	rescue_ncbi_genus		http://www.semanticweb.org/orestah/ontologies/2024/9/phytotherapies#Plant_Frullania_brotheri	3
Plant_Fuchsia_garleppiana	Fuchsia garleppiana	rescue_ncbi_genus		http://www.semanticweb.org/orestah/ontologies/2024/9/phytotherapies#Plant_Fuchsia_garleppiana	3
Plant_Guidia_socotrana_Balf_f.	Guidia socotrana (Balf f.)	reject_genus_not_in_ncbi_plants			0
Plant_Hofmeisteria_schanffneri	Hofmeisteria schanffneri	rescue_ncbi_genus		http://www.semanticweb.org/orestah/ontologies/2024/9/phytotherapies#Plant_Hofmeisteria_schanffneri	3
Plant_Honophymia_conferta	Honophymia conferta	reject_genus_not_in_ncbi_plants			0
Plant_Ilex_boliviana	Ilex boliviana	rescue_ncbi_genus		http://www.semanticweb.org/orestah/ontologies/2024/9/phytotherapies#Plant_Ilex_boliviana	3
Plant_Iva_spp.	Iva spp.	reject_unspecified_species			0
Plant_Jamesoniella_colorate	Jamesoniella colorate	rescue_ncbi_genus		http://www.semanticweb.org/orestah/ontologies/2024/9/phytotherapies#Plant_Jamesoniella_colorate	3
Plant_Jungermannia_rosulans	Jungermannia rosulans	rescue_ncbi_genus		http://www.semanticweb.org/orestah/ontologies/2024/9/phytotherapies#Plant_Jungermannia_rosulans	3
Plant_Jungermannia_rotundata	Jungermannia rotundata	rescue_ncbi_genus		http://www.semanticweb.org/orestah/ontologies/2024/9/phytotherapies#Plant_Jungermannia_rotundata	3
Plant_Justicia_fluminensis	Justicia fluminensis	rescue_ncbi_genus		http://www.semanticweb.org/orestah/ontologies/2024/9/phytotherapies#Plant_Justicia_fluminensis	3
Plant_Justicia_laevilinguis	Justicia laevilinguis	rescue_ncbi_genus		http://www.semanticweb.org/orestah/ontologies/2024/9/phytotherapies#Plant_Justicia_laevilinguis	3
Plant_Justicia_leonardii	Justicia leonardii	rescue_ncbi_genus		http://www.semanticweb.org/orestah/ontologies/2024/9/phytotherapies#Plant_Justicia_leonardii	3
Plant_Kuji_amber	Kuji amber	reject_genus_not_in_ncbi_plants			0
Plant_Kurosawa_E	Kurosawa E	reject_genus_not_in_ncbi_plants			0
Plant_Lafoensia_densiflora	Lafoensia densiflora	rescue_ncbi_genus		http://www.semanticweb.org/orestah/ontologies/2024/9/phytotherapies#Plant_Lafoensia_densiflora	3
Plant_Lanurocerasus_officinalis	Lanurocerasus officinalis	reject_genus_not_in_ncbi_plants			0
Plant_Lepidosperma_lineare	Lepidosperma lineare	rescue_ncbi_genus		http://www.semanticweb.org/orestah/ontologies/2024/9/phytotherapies#Plant_Lepidosperma_lineare	3
Plant_Ligularia_f_ischeri	Ligularia f ischeri	rescue_ncbi_genus		http://www.semanticweb.org/orestah/ontologies/2024/9/phytotherapies#Plant_Ligularia_f_ischeri	3
Plant_Llex_chinensis	Llex chinensis	rescue_typo_corrected	Ilex chinensis	http://www.semanticweb.org/orestah/ontologies/2024/9/phytotherapies#Organism_16217	3
Plant_Lobivia_bachenbergii	Lobivia bachenbergii	rescue_ncbi_genus		http://www.semanticweb.org/orestah/ontologies/2024/9/phytotherapies#Plant_Lobivia_bachenbergii	3
Plant_Lophocolea_subporosa	Lophocolea subporosa	rescue_ncbi_genus		http://www.semanticweb.org/orestah/ontologies/2024/9/phytotherapies#Plant_Lophocolea_subporosa	3
Plant_Lychnophora_antillana	Lychnophora antillana	rescue_ncbi_genus		http://www.semanticweb.org/orestah/ontologies/2024/9/phytotherapies#Plant_Lychnophora_antillana	3
Plant_Lysichitum_camtschatcense	Lysichitum camtschatcense	reject_genus_not_in_ncbi_plants			0
Plant_Macrosolen_globosus	Macrosolen globosus	rescue_ncbi_genus		http://www.semanticweb.org/orestah/ontologies/2024/9/phytotherapies#Plant_Macrosolen_globosus	3
Plant_Magnolia_vovidessi_M._vovidessi	Magnolia vovidessi M. vovidessi	rescue_ncbi_genus		http://www.semanticweb.org/orestah/ontologies/2024/9/phytotherapies#Plant_Magnolia_vovidessi_M._vovidessi	3
Plant_Malleastrum_boivinianum	Malleastrum boivinianum	rescue_ncbi_genus		http://www.semanticweb.org/orestah/ontologies/2024/9/phytotherapies#Plant_Malleastrum_boivinianum	3
Plant_Mannia_subpilosa	Mannia subpilosa	rescue_ncbi_genus		http://www.semanticweb.org/orestah/ontologies/2024/9/phytotherapies#Plant_Mannia_subpilosa	3
Plant_Massa_hanshi_fermentata	Massa hanshi fermentata	reject_genus_not_in_ncbi_plants			0
Plant_Mespilodaphne_pulchella	Mespilodaphne pulchella	rescue_ncbi_genus		http://www.semanticweb.org/orestah/ontologies/2024/9/phytotherapies#Plant_Mespilodaphne_pulchella	3
Plant_Microglossa_zeylandica	Microglossa zeylandica	rescue_ncbi_genus		http://www.semanticweb.org/orestah/ontologies/2024/9/phytotherapies#Plant_Microglossa_zeylandica	3
Plant_Myrcia_tylophylla	Myrcia tylophylla	rescue_ncbi_genus		http://www.semanticweb.org/orestah/ontologies/2024/9/phytotherapies#Plant_Myrcia_tylophylla	3
Plant_Neamatoloma_fasciculare	Neamatoloma fasciculare	reject_genus_not_in_ncbi_plants			0
Plant_Neissosperma_glomerata	Neissosperma glomerata	reject_genus_not_in_ncbi_plants			0
Plant_Neobeguea_leandreana	Neobeguea leandreana	rescue_ncbi_genus		http://www.semanticweb.org/orestah/ontologies/2024/9/phytotherapies#Plant_Neobeguea_leandreana	3
Plant_Nitrosalsola_micranthera	Nitrosalsola micranthera	rescue_ncbi_genus		http://www.semanticweb.org/orestah/ontologies/2024/9/phytotherapies#Plant_Nitrosalsola_micranthera	3
Plant_Ochrocapus_odoratus	Ochrocapus odoratus	reject_genus_not_in_ncbi_plants			0
Plant_Ocotea_magnilimba	Ocotea magnilimba	rescue_ncbi_genus		http://www.semanticweb.org/orestah/ontologies/2024/9/phytotherapies#Plant_Ocotea_magnilimba	3
Plant_Oioscorea_parviflora	Oioscorea parviflora	rescue_typo_corrected	Dioscorea parviflora	http://www.semanticweb.org/orestah/ontologies/2024/9/phytotherapies#Plant_Dioscorea_Parviflora	3
Plant_Onionis_viscosa_ssp._breviflora	Onionis viscosa ssp. breviflora	rescue_typo_corrected	Ononis viscosa	http://www.semanticweb.org/orestah/ontologies/2024/9/phytotherapies#Organism_6266	3
Plant_Onobrychis_seravschanica	Onobrychis seravschanica	rescue_ncbi_genus		http://www.semanticweb.org/orestah/ontologies/2024/9/phytotherapies#Plant_Onobrychis_seravschanica	3
Plant_Onopordum_carmanicum	Onopordum carmanicum	rescue_ncbi_genus		http://www.semanticweb.org/orestah/ontologies/2024/9/phytotherapies#Plant_Onopordum_carmanicum	3
Plant_Onopordum_cyrenaicum	Onopordum cyrenaicum	rescue_ncbi_genus		http://www.semanticweb.org/orestah/ontologies/2024/9/phytotherapies#Plant_Onopordum_cyrenaicum	3
Plant_Papaver_ssp._hyperboreum_Nordhagen	Papaver ssp. hyperboreum Nordhagen	rescue_ncbi_genus		http://www.semanticweb.org/orestah/ontologies/2024/9/phytotherapies#Plant_Papaver_ssp._hyperboreum_Nordhagen	3
Plant_Parinari_cardiophylla	Parinari cardiophylla	rescue_ncbi_genus		http://www.semanticweb.org/orestah/ontologies/2024/9/phytotherapies#Plant_Parinari_cardiophylla	3
Plant_Pentzia_spp.	Pentzia spp.	reject_unspecified_species			0
Plant_Peperomia_filiformis	Peperomia filiformis	rescue_ncbi_genus		http://www.semanticweb.org/orestah/ontologies/2024/9/phytotherapies#Plant_Peperomia_filiformis	3
Plant_Perganum_harmala	Perganum harmala	rescue_typo_corrected	Peganum harmala	http://www.semanticweb.org/orestah/ontologies/2024/9/phytotherapies#Organism_11816	3
Plant_Philotheca_wonganensis	Philotheca wonganensis	rescue_ncbi_genus		http://www.semanticweb.org/orestah/ontologies/2024/9/phytotherapies#Plant_Philotheca_wonganensis	3
Plant_Phlomoides_loasifolia	Phlomoides loasifolia	rescue_ncbi_genus		http://www.semanticweb.org/orestah/ontologies/2024/9/phytotherapies#Plant_Phlomoides_loasifolia	3
Plant_Phoenix_tomentosa	Phoenix tomentosa	rescue_ncbi_genus		http://www.semanticweb.org/orestah/ontologies/2024/9/phytotherapies#Plant_Phoenix_tomentosa	3
Plant_Physopsis_viscida	Physopsis viscida	rescue_ncbi_genus		http://www.semanticweb.org/orestah/ontologies/2024/9/phytotherapies#Plant_Physopsis_viscida	3
Plant_Pinus_masoni	Pinus masoni	rescue_ncbi_genus		http://www.semanticweb.org/orestah/ontologies/2024/9/phytotherapies#Plant_Pinus_masoni	3
Plant_Pinus_pithyusa	Pinus pithyusa	rescue_ncbi_genus		http://www.semanticweb.org/orestah/ontologies/2024/9/phytotherapies#Plant_Pinus_pithyusa	3
Plant_Piper_khasiana	Piper khasiana	rescue_ncbi_genus		http://www.semanticweb.org/orestah/ontologies/2024/9/phytotherapies#Plant_Piper_khasiana	3
Plant_Plagiochila_jamesonii	Plagiochila jamesonii	rescue_ncbi_genus		http://www.semanticweb.org/orestah/ontologies/2024/9/phytotherapies#Plant_Plagiochila_jamesonii	3
Plant_Podalyria_glauca	Podalyria glauca	rescue_ncbi_genus		http://www.semanticweb.org/orestah/ontologies/2024/9/phytotherapies#Plant_Podalyria_glauca	3
Plant_Polyalthia_sinclairiana	Polyalthia sinclairiana	rescue_ncbi_genus		http://www.semanticweb.org/orestah/ontologies/2024/9/phytotherapies#Plant_Polyalthia_sinclairiana	3
Plant_Proclema_pendula	Proclema pendula	reject_genus_not_in_ncbi_plants			0
Plant_Psoralea_exile	Psoralea exile	rescue_ncbi_genus		http://www.semanticweb.org/orestah/ontologies/2024/9/phytotherapies#Plant_Psoralea_exile	3
Plant_Pterodon_obliquum	Pterodon obliquum	rescue_ncbi_genus		http://www.semanticweb.org/orestah/ontologies/2024/9/phytotherapies#Plant_Pterodon_obliquum	3
Plant_Pyrethrum_santalinoides	Pyrethrum santalinoides	rescue_ncbi_genus		http://www.semanticweb.org/orestah/ontologies/2024/9/phytotherapies#Plant_Pyrethrum_santalinoides	3
Plant_Radula_laxiramea	Radula laxiramea	rescue_ncbi_genus		http://www.semanticweb.org/orestah/ontologies/2024/9/phytotherapies#Plant_Radula_laxiramea	3
Plant_Renealmia_chrysotrycha	Renealmia chrysotrycha	rescue_ncbi_genus		http://www.semanticweb.org/orestah/ontologies/2024/9/phytotherapies#Plant_Renealmia_chrysotrycha	3
Plant_Sanguinaria_spp.	Sanguinaria spp.	reject_unspecified_species			0
Plant_Scaphyglotti_Livida	Scaphyglotti Livida	rescue_typo_corrected	Scaphyglottis livida	http://www.semanticweb.org/orestah/ontologies/2024/9/phytotherapies#Organism_43	3
Plant_Schoenia_ramosissima	Schoenia ramosissima	rescue_ncbi_genus		http://www.semanticweb.org/orestah/ontologies/2024/9/phytotherapies#Plant_Schoenia_ramosissima	3
Plant_Schoenus_hexandrus	Schoenus hexandrus	rescue_ncbi_genus		http://www.semanticweb.org/orestah/ontologies/2024/9/phytotherapies#Plant_Schoenus_hexandrus	3
Plant_Schoenus_sesquispicula	Schoenus sesquispicula	rescue_ncbi_genus		http://www.semanticweb.org/orestah/ontologies/2024/9/phytotherapies#Plant_Schoenus_sesquispicula	3
Plant_Schoepfia_californica	Schoepfia californica	rescue_ncbi_genus		http://www.semanticweb.org/orestah/ontologies/2024/9/phytotherapies#Plant_Schoepfia_californica	3
Plant_Schouwia_thebica	Schouwia thebica	rescue_ncbi_genus		http://www.semanticweb.org/orestah/ontologies/2024/9/phytotherapies#Plant_Schouwia_thebica	3
Plant_Schusterella_chevalieri	Schusterella chevalieri	reject_genus_not_in_ncbi_plants			0
Plant_Scutellaria_haematochlora	Scutellaria haematochlora	rescue_ncbi_genus		http://www.semanticweb.org/orestah/ontologies/2024/9/phytotherapies#Plant_Scutellaria_haematochlora	3
Plant_Sempervivum_kindingeri	Sempervivum kindingeri	rescue_ncbi_genus		http://www.semanticweb.org/orestah/ontologies/2024/9/phytotherapies#Plant_Sempervivum_kindingeri	3
Plant_Senecio_almeidae	Senecio almeidae	rescue_ncbi_genus		http://www.semanticweb.org/orestah/ontologies/2024/9/phytotherapies#Plant_Senecio_almeidae	3
Plant_Senecio_colaminus	Senecio colaminus	rescue_ncbi_genus		http://www.semanticweb.org/orestah/ontologies/2024/9/phytotherapies#Plant_Senecio_colaminus	3
Plant_Senecio_covasii	Senecio covasii	rescue_ncbi_genus		http://www.semanticweb.org/orestah/ontologies/2024/9/phytotherapies#Plant_Senecio_covasii	3
Plant_Senecio_gillesiano	Senecio gillesiano	rescue_ncbi_genus		http://www.semanticweb.org/orestah/ontologies/2024/9/phytotherapies#Plant_Senecio_gillesiano	3
Plant_Senecio_helodes	Senecio helodes	rescue_ncbi_genus		http://www.semanticweb.org/orestah/ontologies/2024/9/phytotherapies#Plant_Senecio_helodes	3
Plant_Senecio_patagonicus	Senecio patagonicus	rescue_ncbi_genus		http://www.semanticweb.org/orestah/ontologies/2024/9/phytotherapies#Plant_Senecio_patagonicus	3
Plant_Senecio_prionopterus	Senecio prionopterus	rescue_ncbi_genus		http://www.semanticweb.org/orestah/ontologies/2024/9/phytotherapies#Plant_Senecio_prionopterus	3
Plant_Sideritis_funkiana	Sideritis funkiana	rescue_ncbi_genus		http://www.semanticweb.org/orestah/ontologies/2024/9/phytotherapies#Plant_Sideritis_funkiana	3
Plant_Sideritis_gossypina	Sideritis gossypina	rescue_ncbi_genus		http://www.semanticweb.org/orestah/ontologies/2024/9/phytotherapies#Plant_Sideritis_gossypina	3
Plant_Sideritis_niveotomentosa	Sideritis niveotomentosa	rescue_ncbi_genus		http://www.semanticweb.org/orestah/ontologies/2024/9/phytotherapies#Plant_Sideritis_niveotomentosa	3
Plant_Sideritis_ochroleuca	Sideritis ochroleuca	rescue_ncbi_genus		http://www.semanticweb.org/orestah/ontologies/2024/9/phytotherapies#Plant_Sideritis_ochroleuca	3
Plant_Sideritis_spinulosa	Sideritis spinulosa	rescue_ncbi_genus		http://www.semanticweb.org/orestah/ontologies/2024/9/phytotherapies#Plant_Sideritis_spinulosa	3
Plant_Sideritis_villosa	Sideritis villosa	rescue_ncbi_genus		http://www.semanticweb.org/orestah/ontologies/2024/9/phytotherapies#Plant_Sideritis_villosa	3
Plant_Sisymbrium_pinnata	Sisymbrium pinnata	rescue_ncbi_genus		http://www.semanticweb.org/orestah/ontologies/2024/9/phytotherapies#Plant_Sisymbrium_pinnata	3
Plant_Sophora_subprostate	Sophora subprostate	rescue_ncbi_genus		http://www.semanticweb.org/orestah/ontologies/2024/9/phytotherapies#Plant_Sophora_subprostate	3
Plant_Spanish_Navelinas	Spanish Navelinas	reject_genus_not_in_ncbi_plants			0
Plant_Sparuna_pauciflora	Sparuna pauciflora	rescue_typo_corrected	Siparuna pauciflora	http://www.semanticweb.org/orestah/ontologies/2024/9/phytotherapies#Plant_Siparuna_Pauciflora	3
Plant_Stevia_procumbens	Stevia procumbens	rescue_ncbi_genus		http://www.semanticweb.org/orestah/ontologies/2024/9/phytotherapies#Plant_Stevia_procumbens	3
Plant_Strychnos_dolychothyrsa	Strychnos dolychothyrsa	rescue_ncbi_genus		http://www.semanticweb.org/orestah/ontologies/2024/9/phytotherapies#Plant_Strychnos_dolychothyrsa	3
Plant_Strychnos_mittschelichii	Strychnos mittschelichii	rescue_ncbi_genus		http://www.semanticweb.org/orestah/ontologies/2024/9/phytotherapies#Plant_Strychnos_mittschelichii	3
Plant_Swertia_purpurescens	Swertia purpurescens	rescue_ncbi_genus		http://www.semanticweb.org/orestah/ontologies/2024/9/phytotherapies#Plant_Swertia_purpurescens	3
Plant_Syncarpia_glomerulifera	Syncarpia glomerulifera	rescue_ncbi_genus		http://www.semanticweb.org/orestah/ontologies/2024/9/phytotherapies#Plant_Syncarpia_glomerulifera	3
Plant_Tabernaemontana_albbiflora_Miq._Pulle	Tabernaemontana albbiflora (Miq.)Pulle	rescue_ncbi_genus		http://www.semanticweb.org/orestah/ontologies/2024/9/phytotherapies#Plant_Tabernaemontana_albbiflora_Miq._Pulle	3
Plant_Tagetes_stenophylla	Tagetes stenophylla	rescue_ncbi_genus		http://www.semanticweb.org/orestah/ontologies/2024/9/phytotherapies#Plant_Tagetes_stenophylla	3
Plant_Tagetes_zypaquinensis	Tagetes zypaquinensis	rescue_ncbi_genus		http://www.semanticweb.org/orestah/ontologies/2024/9/phytotherapies#Plant_Tagetes_zypaquinensis	3
Plant_Taiwania_spp.	Taiwania spp.	reject_unspecified_species			0
Plant_Tetracystis_aplanosporum	Tetracystis aplanosporum	rescue_ncbi_genus		http://www.semanticweb.org/orestah/ontologies/2024/9/phytotherapies#Plant_Tetracystis_aplanosporum	3
Plant_Trichilia_reticulata	Trichilia reticulata	rescue_ncbi_genus		http://www.semanticweb.org/orestah/ontologies/2024/9/phytotherapies#Plant_Trichilia_reticulata	3
Plant_Uncaria_florida	Uncaria florida	rescue_ncbi_genus		http://www.semanticweb.org/orestah/ontologies/2024/9/phytotherapies#Plant_Uncaria_florida	3
Plant_Uraria_pauciovulata	Uraria pauciovulata	rescue_ncbi_genus		http://www.semanticweb.org/orestah/ontologies/2024/9/phytotherapies#Plant_Uraria_pauciovulata	3
Plant_Vernonanthura_auriculata	Vernonanthura auriculata	rescue_ncbi_genus		http://www.semanticweb.org/orestah/ontologies/2024/9/phytotherapies#Plant_Vernonanthura_auriculata	3
Plant_Vernonanthura_brasiliana	Vernonanthura brasiliana	rescue_ncbi_genus		http://www.semanticweb.org/orestah/ontologies/2024/9/phytotherapies#Plant_Vernonanthura_brasiliana	3
Plant_Verrucarol_diacetoxyscirpenol	Verrucarol diacetoxyscirpenol	reject_genus_not_in_ncbi_plants			0
Plant_Vetiveria_sp.	Vetiveria sp.	reject_unspecified_species			0
Plant_Villanova_titicacensis	Villanova titicacensis	rescue_ncbi_genus		http://www.semanticweb.org/orestah/ontologies/2024/9/phytotherapies#Plant_Villanova_titicacensis	3
Plant_Vinca_elegantissima	Vinca elegantissima	rescue_ncbi_genus		http://www.semanticweb.org/orestah/ontologies/2024/9/phytotherapies#Plant_Vinca_elegantissima	3
Plant_Virgilia_spp.	Virgilia spp.	reject_unspecified_species			0
Plant_Wedelia_foliacea	Wedelia foliacea	rescue_ncbi_genus		http://www.semanticweb.org/orestah/ontologies/2024/9/phytotherapies#Plant_Wedelia_foliacea	3
Plant_Wedelia_riedellii	Wedelia riedellii	rescue_ncbi_genus		http://www.semanticweb.org/orestah/ontologies/2024/9/phytotherapies#Plant_Wedelia_riedellii	3
Plant_anisoptera_sp.	anisoptera sp.	reject_unspecified_species			0
Plant_japanese_brown_alga	japanese brown alga	reject_genus_not_in_ncbi_plants			0
Plant_korean_fermented_soypaste	korean fermented soypaste	reject_genus_not_in_ncbi_plants			0
Plant_narcissus_cv._ice_follies	narcissus cv. ice follies	rescue_ncbi_genus		http://www.semanticweb.org/orestah/ontologies/2024/9/phytotherapies#Plant_narcissus_cv._ice_follies	3
Plant_sarcuajmos_saetavensis	sarcuajmos saetavensis	reject_genus_not_in_ncbi_plants			0
Plant_Abuta_bulata_Moldenke	Abuta bulata Moldenke	rescue_ncbi_genus		http://www.semanticweb.org/orestah/ontologies/2024/9/phytotherapies#Plant_Abuta_bulata_Moldenke	2
Plant_Acacia_prismatica	Acacia prismatica	rescue_ncbi_genus		http://www.semanticweb.org/orestah/ontologies/2024/9/phytotherapies#Plant_Acacia_prismatica	2
Plant_Acidum_thymici	Acidum thymici	reject_genus_not_in_ncbi_plants			0
Plant_Actinostemma_paniculatum	Actinostemma paniculatum	rescue_ncbi_genus		http://www.semanticweb.org/orestah/ontologies/2024/9/phytotherapies#Plant_Actinostemma_paniculatum	2
Plant_Adonis_spp.	Adonis spp.	reject_unspecified_species			0
Plant_Aegopordon_berarioides	Aegopordon berarioides	rescue_ncbi_genus		http://www.semanticweb.org/orestah/ontologies/2024/9/phytotherapies#Plant_Aegopordon_berarioides	2
Plant_Aequatorium_verrucosum	Aequatorium verrucosum	rescue_ncbi_genus		http://www.semanticweb.org/orestah/ontologies/2024/9/phytotherapies#Plant_Aequatorium_verrucosum	2
Plant_Aeschynanthus_obconica	Aeschynanthus obconica	rescue_ncbi_genus		http://www.semanticweb.org/orestah/ontologies/2024/9/phytotherapies#Plant_Aeschynanthus_obconica	2
Plant_Aethusa_sp.	Aethusa sp.	reject_unspecified_species			0
Plant_Aframomum_aulacocarpus	Aframomum aulacocarpus	rescue_ncbi_genus		http://www.semanticweb.org/orestah/ontologies/2024/9/phytotherapies#Plant_Aframomum_aulacocarpus	2
Plant_Ajuga_yezoensis	Ajuga yezoensis	rescue_ncbi_genus		http://www.semanticweb.org/orestah/ontologies/2024/9/phytotherapies#Plant_Ajuga_yezoensis	2
Plant_Aloe_buchlohii	Aloe buchlohii	rescue_ncbi_genus		http://www.semanticweb.org/orestah/ontologies/2024/9/phytotherapies#Plant_Aloe_buchlohii	2
Plant_Aloe_kirkii	Aloe kirkii	rescue_ncbi_genus		http://www.semanticweb.org/orestah/ontologies/2024/9/phytotherapies#Plant_Aloe_kirkii	2
Plant_Ambrosia_spp.	Ambrosia spp.	reject_unspecified_species			0
Plant_Ancistrocladus_guineaensis	Ancistrocladus guineaensis	rescue_ncbi_genus		http://www.semanticweb.org/orestah/ontologies/2024/9/phytotherapies#Plant_Ancistrocladus_guineaensis	2
Plant_Angiopteris_pruinosa	Angiopteris pruinosa	rescue_ncbi_genus		http://www.semanticweb.org/orestah/ontologies/2024/9/phytotherapies#Plant_Angiopteris_pruinosa	2
Plant_Angylocalyx_spp.	Angylocalyx spp.	reject_unspecified_species			0
Plant_Anthemis_brachycentra	Anthemis brachycentra	rescue_ncbi_genus		http://www.semanticweb.org/orestah/ontologies/2024/9/phytotherapies#Plant_Anthemis_brachycentra	2
Plant_Apium_spp.	Apium spp.	reject_unspecified_species			0
Plant_Aquilaria_spp.	Aquilaria spp.	reject_unspecified_species			0
Plant_Artemisia_dregena	Artemisia dregena	rescue_ncbi_genus		http://www.semanticweb.org/orestah/ontologies/2024/9/phytotherapies#Plant_Artemisia_dregena	2
Plant_Asanthus_thyrsiflora	Asanthus thyrsiflora	rescue_ncbi_genus		http://www.semanticweb.org/orestah/ontologies/2024/9/phytotherapies#Plant_Asanthus_thyrsiflora	2
Plant_Aspidosperma_obscurinervum	Aspidosperma obscurinervum	rescue_ncbi_genus		http://www.semanticweb.org/orestah/ontologies/2024/9/phytotherapies#Plant_Aspidosperma_obscurinervum	2
Plant_Astragalus_unifoliolatus	Astragalus unifoliolatus	rescue_ncbi_genus		http://www.semanticweb.org/orestah/ontologies/2024/9/phytotherapies#Plant_Astragalus_unifoliolatus	2
Plant_Atrabotrys_maingayi	Atrabotrys maingayi	rescue_typo_corrected	Artabotrys maingayi	http://www.semanticweb.org/orestah/ontologies/2024/9/phytotherapies#Plant_Artabotrys_Maingayi	2
Plant_Austrolycopodium_aberdaricum	Austrolycopodium aberdaricum	rescue_ncbi_genus		http://www.semanticweb.org/orestah/ontologies/2024/9/phytotherapies#Plant_Austrolycopodium_aberdaricum	2
Plant_Avila_garcini	Avila  garcini	reject_genus_not_in_ncbi_plants			0
Plant_Avocado_idioblast	Avocado idioblast	reject_genus_not_in_ncbi_plants			0
Plant_Babreum_coscluea	Babreum coscluea	reject_genus_not_in_ncbi_plants			0
Plant_Barringtonia_reticulata	Barringtonia reticulata	rescue_ncbi_genus		http://www.semanticweb.org/orestah/ontologies/2024/9/phytotherapies#Plant_Barringtonia_reticulata	2
Plant_Bauhinia_championll	Bauhinia championll	rescue_ncbi_genus		http://www.semanticweb.org/orestah/ontologies/2024/9/phytotherapies#Plant_Bauhinia_championll	2
Plant_Berberis_himalaica	Berberis himalaica	rescue_ncbi_genus		http://www.semanticweb.org/orestah/ontologies/2024/9/phytotherapies#Plant_Berberis_himalaica	2
Plant_Buxus_malaiana	Buxus malaiana	rescue_ncbi_genus		http://www.semanticweb.org/orestah/ontologies/2024/9/phytotherapies#Plant_Buxus_malaiana	2
Plant_Buxus_malalana	Buxus malalana	rescue_ncbi_genus		http://www.semanticweb.org/orestah/ontologies/2024/9/phytotherapies#Plant_Buxus_malalana	2
Plant_Caesalpinia_coriana	Caesalpinia coriana	rescue_ncbi_genus		http://www.semanticweb.org/orestah/ontologies/2024/9/phytotherapies#Plant_Caesalpinia_coriana	2
Plant_Campanula_betulaefolia	Campanula betulaefolia	rescue_ncbi_genus		http://www.semanticweb.org/orestah/ontologies/2024/9/phytotherapies#Plant_Campanula_betulaefolia	2
Plant_Caparis_sp.	Caparis sp.	reject_unspecified_species			0
Plant_Caraupa_densiflora	Caraupa densiflora	reject_genus_not_in_ncbi_plants			0
Plant_Castanosperma_australe	Castanosperma australe	reject_genus_not_in_ncbi_plants			0
Plant_Centaurea_rothmalerana	Centaurea rothmalerana	rescue_ncbi_genus		http://www.semanticweb.org/orestah/ontologies/2024/9/phytotherapies#Plant_Centaurea_rothmalerana	2
Plant_Ceropegia_flava	Ceropegia flava	rescue_ncbi_genus		http://www.semanticweb.org/orestah/ontologies/2024/9/phytotherapies#Plant_Ceropegia_flava	2
Plant_Cheiranthus_kewnsis	Cheiranthus kewnsis	rescue_ncbi_genus		http://www.semanticweb.org/orestah/ontologies/2024/9/phytotherapies#Plant_Cheiranthus_kewnsis	2
Plant_Chiloscyphus_subporosus	Chiloscyphus subporosus	rescue_ncbi_genus		http://www.semanticweb.org/orestah/ontologies/2024/9/phytotherapies#Plant_Chiloscyphus_subporosus	2
Plant_Chomdsomyces_robustus	Chomdsomyces robustus	reject_genus_not_in_ncbi_plants			0
Plant_Chrysanthemum_viscidi-hirtum	Chrysanthemum viscidi-hirtum	rescue_ncbi_genus		http://www.semanticweb.org/orestah/ontologies/2024/9/phytotherapies#Plant_Chrysanthemum_viscidi-hirtum	2
Plant_Cipadessa_boivinina	Cipadessa boivinina	rescue_ncbi_genus		http://www.semanticweb.org/orestah/ontologies/2024/9/phytotherapies#Plant_Cipadessa_boivinina	2
Plant_Cirsium_chlorolepis	Cirsium chlorolepis	rescue_ncbi_genus		http://www.semanticweb.org/orestah/ontologies/2024/9/phytotherapies#Plant_Cirsium_chlorolepis	2
Plant_Cissampelos_simpodialis_Eichl.	Cissampelos simpodialis Eichl.	rescue_ncbi_genus		http://www.semanticweb.org/orestah/ontologies/2024/9/phytotherapies#Plant_Cissampelos_simpodialis_Eichl.	2
Plant_Cleome_machycarpa	Cleome machycarpa	rescue_ncbi_genus		http://www.semanticweb.org/orestah/ontologies/2024/9/phytotherapies#Plant_Cleome_machycarpa	2
Plant_Concretio_silicea_bambusae	Concretio silicea bambusae	reject_genus_not_in_ncbi_plants			0
Plant_Conophytum_kubusanum	Conophytum kubusanum	rescue_ncbi_genus		http://www.semanticweb.org/orestah/ontologies/2024/9/phytotherapies#Plant_Conophytum_kubusanum	2
Plant_Coreopsis_pringlei	Coreopsis pringlei	rescue_ncbi_genus		http://www.semanticweb.org/orestah/ontologies/2024/9/phytotherapies#Plant_Coreopsis_pringlei	2
Plant_Corydalis_integra	Corydalis integra	rescue_ncbi_genus		http://www.semanticweb.org/orestah/ontologies/2024/9/phytotherapies#Plant_Corydalis_integra	2
Plant_Corydalis_ramosa	Corydalis ramosa	rescue_ncbi_genus		http://www.semanticweb.org/orestah/ontologies/2024/9/phytotherapies#Plant_Corydalis_ramosa	2
Plant_Crassum_intestinum_porci	Crassum intestinum porci	reject_genus_not_in_ncbi_plants			0
Plant_Croton_oblongiflius	Croton oblongiflius	rescue_ncbi_genus		http://www.semanticweb.org/orestah/ontologies/2024/9/phytotherapies#Plant_Croton_oblongiflius	2
Plant_Cucumis_spp.	Cucumis spp.	reject_unspecified_species			0
Plant_Cunninghamia_spp.	Cunninghamia spp.	reject_unspecified_species			0
Plant_Curcurbita_maxima	Curcurbita maxima	rescue_typo_corrected	Cucurbita maxima	http://www.semanticweb.org/orestah/ontologies/2024/9/phytotherapies#Organism_2391	2
Plant_Cyathea_kalbreyeri	Cyathea kalbreyeri	rescue_ncbi_genus		http://www.semanticweb.org/orestah/ontologies/2024/9/phytotherapies#Plant_Cyathea_kalbreyeri	2
Plant_Cymbidium_tibeticum	Cymbidium tibeticum	rescue_ncbi_genus		http://www.semanticweb.org/orestah/ontologies/2024/9/phytotherapies#Plant_Cymbidium_tibeticum	2
Plant_Cyperus_sculptus	Cyperus sculptus	rescue_ncbi_genus		http://www.semanticweb.org/orestah/ontologies/2024/9/phytotherapies#Plant_Cyperus_sculptus	2
Plant_Dakaira_subovoidea	Dakaira subovoidea	reject_genus_not_in_ncbi_plants			0
Plant_Daniella_oliveri	Daniella oliveri	rescue_typo_corrected	Daniellia oliveri	http://www.semanticweb.org/orestah/ontologies/2024/9/phytotherapies#Organism_11489	2
Plant_Deathstalker_scorpion	Deathstalker scorpion	reject_genus_not_in_ncbi_plants			0
Plant_Decalepsis_hamiltonii	Decalepsis hamiltonii	rescue_typo_corrected	Decalepis hamiltonii	http://www.semanticweb.org/orestah/ontologies/2024/9/phytotherapies#Organism_Decalepis_hamiltonii	2
Plant_Dehassia_kurzii	Dehassia kurzii	rescue_typo_corrected	Dehaasia kurzii	http://www.semanticweb.org/orestah/ontologies/2024/9/phytotherapies#Plant_Dehassia_kurzii	2
Plant_Dehassia_tetrandra	Dehassia tetrandra	reject_genus_not_in_ncbi_plants			0
Plant_Delphinium_venulosm	Delphinium venulosm	rescue_ncbi_genus		http://www.semanticweb.org/orestah/ontologies/2024/9/phytotherapies#Plant_Delphinium_venulosm	2
Plant_Denotarisia_linguifolia	Denotarisia linguifolia	reject_genus_not_in_ncbi_plants			0
Plant_Dicranolejeunea_yoshinagana	Dicranolejeunea yoshinagana	rescue_ncbi_genus		http://www.semanticweb.org/orestah/ontologies/2024/9/phytotherapies#Plant_Dicranolejeunea_yoshinagana	2
Plant_Didymocarpus_aurentiacum	Didymocarpus aurentiacum	rescue_ncbi_genus		http://www.semanticweb.org/orestah/ontologies/2024/9/phytotherapies#Plant_Didymocarpus_aurentiacum	2
Plant_Dinoflagellate_amphidinium	Dinoflagellate amphidinium	reject_genus_not_in_ncbi_plants			0
Plant_Dioscorea_tryphida	Dioscorea tryphida	rescue_ncbi_genus		http://www.semanticweb.org/orestah/ontologies/2024/9/phytotherapies#Plant_Dioscorea_tryphida	2
Plant_Diospyros_greeniway	Diospyros greeniway	rescue_ncbi_genus		http://www.semanticweb.org/orestah/ontologies/2024/9/phytotherapies#Plant_Diospyros_greeniway	2
Plant_Dorstenia_barter_i_var._multiradiata	Dorstenia barter i var. multiradiata	rescue_ncbi_genus		http://www.semanticweb.org/orestah/ontologies/2024/9/phytotherapies#Plant_Dorstenia_barter_i_var._multiradiata	2
Plant_Dorystoechas_hastata	Dorystoechas hastata	rescue_typo_corrected	Dorystaechas hastata	http://www.semanticweb.org/orestah/ontologies/2024/9/phytotherapies#Plant_Dorystoechas_hastata	2
Plant_Dutaillyea_drupacea	Dutaillyea drupacea	rescue_ncbi_genus		http://www.semanticweb.org/orestah/ontologies/2024/9/phytotherapies#Plant_Dutaillyea_drupacea	2
Plant_Dysoxylon_alliceum	Dysoxylon alliceum	reject_genus_not_in_ncbi_plants			0
Plant_Echinoderm_comanthus	Echinoderm comanthus	reject_genus_not_in_ncbi_plants			0
Plant_Eopleuria_simplicissima	Eopleuria simplicissima	reject_genus_not_in_ncbi_plants			0
Plant_Eriope_salvifolia	Eriope salvifolia	rescue_ncbi_genus		http://www.semanticweb.org/orestah/ontologies/2024/9/phytotherapies#Plant_Eriope_salvifolia	2
Plant_Erythrina_salvllflora	Erythrina salvllflora	rescue_ncbi_genus		http://www.semanticweb.org/orestah/ontologies/2024/9/phytotherapies#Plant_Erythrina_salvllflora	2
Plant_Erythrophleum_quincense	Erythrophleum quincense	rescue_ncbi_genus		http://www.semanticweb.org/orestah/ontologies/2024/9/phytotherapies#Plant_Erythrophleum_quincense	2
Plant_Eugenia_rufofulva	Eugenia rufofulva	rescue_ncbi_genus		http://www.semanticweb.org/orestah/ontologies/2024/9/phytotherapies#Plant_Eugenia_rufofulva	2
Plant_Eugenia_spp.	Eugenia spp.	reject_unspecified_species			0
Plant_Eurhynchium_polystictum	Eurhynchium polystictum	rescue_ncbi_genus		http://www.semanticweb.org/orestah/ontologies/2024/9/phytotherapies#Plant_Eurhynchium_polystictum	2
Plant_Folium_agastachis	Folium agastachis	reject_pharmacognosy_name			0
Plant_Fritilaria_camtschatcensis	Fritilaria camtschatcensis	reject_genus_not_in_ncbi_plants			0
Plant_Fructus_akebiae	Fructus akebiae	reject_pharmacognosy_name			0
Plant_Fructus_herpetospermi	Fructus herpetospermi	reject_pharmacognosy_name			0
Plant_Frullania_bonincola	Frullania bonincola	rescue_ncbi_genus		http://www.semanticweb.org/orestah/ontologies/2024/9/phytotherapies#Plant_Frullania_bonincola	2
Plant_Frullania_densiloba	Frullania densiloba	rescue_ncbi_genus		http://www.semanticweb.org/orestah/ontologies/2024/9/phytotherapies#Plant_Frullania_densiloba	2
Plant_Frullania_hamatiloba	Frullania hamatiloba	rescue_ncbi_genus		http://www.semanticweb.org/orestah/ontologies/2024/9/phytotherapies#Plant_Frullania_hamatiloba	2
Plant_Fuchsia_parviflora	Fuchsia parviflora	rescue_ncbi_genus		http://www.semanticweb.org/orestah/ontologies/2024/9/phytotherapies#Plant_Fuchsia_parviflora	2
Plant_Gaillardia_jasminoides	Gaillardia jasminoides	rescue_ncbi_genus		http://www.semanticweb.org/orestah/ontologies/2024/9/phytotherapies#Plant_Gaillardia_jasminoides	2
Plant_Geigeria_spp.	Geigeria spp.	reject_unspecified_species			0
Plant_Gentianella_albo-rosea	Gentianella albo-rosea	rescue_ncbi_genus		http://www.semanticweb.org/orestah/ontologies/2024/9/phytotherapies#Plant_Gentianella_albo-rosea	2
Plant_Geranium_Johnsons_Blue	Geranium Johnsons Blue	rescue_ncbi_genus		http://www.semanticweb.org/orestah/ontologies/2024/9/phytotherapies#Plant_Geranium_Johnsons_Blue	2
Plant_Globularia_spp.	Globularia spp.	reject_unspecified_species			0
Plant_Glypsophila_patrinii	Glypsophila patrinii	rescue_typo_corrected	Gypsophila patrinii	http://www.semanticweb.org/orestah/ontologies/2024/9/phytotherapies#Organism_52420	2
Plant_Gochnaria_paniculata	Gochnaria paniculata	rescue_typo_corrected	Gochnatia paniculata	http://www.semanticweb.org/orestah/ontologies/2024/9/phytotherapies#Organism_6296	2
Plant_Gorgoniae_suberogorgia	Gorgoniae suberogorgia	reject_genus_not_in_ncbi_plants			0
Plant_Graziela_mollissima	Graziela mollissima	reject_genus_not_in_ncbi_plants			0
Plant_Gymnocalycium_uebelmannanum	Gymnocalycium uebelmannanum	rescue_ncbi_genus		http://www.semanticweb.org/orestah/ontologies/2024/9/phytotherapies#Plant_Gymnocalycium_uebelmannanum	2
Plant_Gymnocarpium_puchellum	Gymnocarpium puchellum	rescue_ncbi_genus		http://www.semanticweb.org/orestah/ontologies/2024/9/phytotherapies#Plant_Gymnocarpium_puchellum	2
Plant_Halimitum_viscosum	Halimitum viscosum	reject_genus_not_in_ncbi_plants			0
Plant_Haplophyllum_cimicidum	Haplophyllum cimicidum	rescue_ncbi_genus		http://www.semanticweb.org/orestah/ontologies/2024/9/phytotherapies#Plant_Haplophyllum_cimicidum	2
Plant_Helenium_scorzoneraefolia	Helenium scorzoneraefolia	rescue_ncbi_genus		http://www.semanticweb.org/orestah/ontologies/2024/9/phytotherapies#Plant_Helenium_scorzoneraefolia	2
Plant_Heliotropium_huascuense	Heliotropium huascuense	rescue_ncbi_genus		http://www.semanticweb.org/orestah/ontologies/2024/9/phytotherapies#Plant_Heliotropium_huascuense	2
Plant_Heracleum_wallichll	Heracleum wallichll	rescue_ncbi_genus		http://www.semanticweb.org/orestah/ontologies/2024/9/phytotherapies#Plant_Heracleum_wallichll	2
Plant_Heterodendron_oleaefolium	Heterodendron oleaefolium	reject_genus_not_in_ncbi_plants			0
Plant_Heterotropha_nipponca	Heterotropha nipponca	reject_genus_not_in_ncbi_plants			0
Plant_Hoffmanosseggia_intricata	Hoffmanosseggia intricata	reject_genus_not_in_ncbi_plants			0
Plant_Hyptis_umbrassa	Hyptis umbrassa	rescue_ncbi_genus		http://www.semanticweb.org/orestah/ontologies/2024/9/phytotherapies#Plant_Hyptis_umbrassa	2
Plant_Icacina_guesfeldtii	Icacina guesfeldtii	rescue_ncbi_genus		http://www.semanticweb.org/orestah/ontologies/2024/9/phytotherapies#Plant_Icacina_guesfeldtii	2
Plant_Ilex_vitis-idaea	Ilex vitis-idaea	rescue_ncbi_genus		http://www.semanticweb.org/orestah/ontologies/2024/9/phytotherapies#Plant_Ilex_vitis-idaea	2
Plant_Isodon_laxathyrsa	Isodon laxathyrsa	rescue_ncbi_genus		http://www.semanticweb.org/orestah/ontologies/2024/9/phytotherapies#Plant_Isodon_laxathyrsa	2
Plant_Isodon_parvifolia	Isodon parvifolia	rescue_ncbi_genus		http://www.semanticweb.org/orestah/ontologies/2024/9/phytotherapies#Plant_Isodon_parvifolia	2
Plant_Isodon_pseudoirroratus	Isodon pseudoirroratus	rescue_ncbi_genus		http://www.semanticweb.org/orestah/ontologies/2024/9/phytotherapies#Plant_Isodon_pseudoirroratus	2
Plant_Isotrema_cucurbitifolium	Isotrema cucurbitifolium	rescue_ncbi_genus		http://www.semanticweb.org/orestah/ontologies/2024/9/phytotherapies#Plant_Isotrema_cucurbitifolium	2
Plant_Isotrema_manshuriense	Isotrema manshuriense	rescue_ncbi_genus		http://www.semanticweb.org/orestah/ontologies/2024/9/phytotherapies#Plant_Isotrema_manshuriense	2
Plant_Justicia_austrocapensis	Justicia austrocapensis	rescue_ncbi_genus		http://www.semanticweb.org/orestah/ontologies/2024/9/phytotherapies#Plant_Justicia_austrocapensis	2
Plant_Justicia_grandis	Justicia grandis	rescue_ncbi_genus		http://www.semanticweb.org/orestah/ontologies/2024/9/phytotherapies#Plant_Justicia_grandis	2
Plant_Justicia_hayati	Justicia hayati	rescue_ncbi_genus		http://www.semanticweb.org/orestah/ontologies/2024/9/phytotherapies#Plant_Justicia_hayati	2
Plant_Kaunea_arbuscularis	Kaunea arbuscularis	reject_genus_not_in_ncbi_plants			0
Plant_Kielmeyera_candidissima	Kielmeyera candidissima	rescue_ncbi_genus		http://www.semanticweb.org/orestah/ontologies/2024/9/phytotherapies#Plant_Kielmeyera_candidissima	2
Plant_Lanthella_flabelliformis	Lanthella flabelliformis	reject_genus_not_in_ncbi_plants			0
Plant_Leoniopadium_alpinum	Leoniopadium alpinum	reject_genus_not_in_ncbi_plants			0
Plant_Lepisorus_palmatopedatus	Lepisorus palmatopedatus	rescue_ncbi_genus		http://www.semanticweb.org/orestah/ontologies/2024/9/phytotherapies#Plant_Lepisorus_palmatopedatus	2
Plant_Lessingianthus_venosissimus	Lessingianthus venosissimus	rescue_ncbi_genus		http://www.semanticweb.org/orestah/ontologies/2024/9/phytotherapies#Plant_Lessingianthus_venosissimus	2
Plant_Lithocarpus_liseifolius	Lithocarpus liseifolius	rescue_ncbi_genus		http://www.semanticweb.org/orestah/ontologies/2024/9/phytotherapies#Plant_Lithocarpus_liseifolius	2
Plant_Lonicera_spp.	Lonicera spp.	reject_unspecified_species			0
Plant_Lotononis_purpurascens	Lotononis purpurascens	rescue_ncbi_genus		http://www.semanticweb.org/orestah/ontologies/2024/9/phytotherapies#Plant_Lotononis_purpurascens	2
Plant_Lunaria_spp.	Lunaria spp.	reject_unspecified_species			0
Plant_Lycopersicon_penneli	Lycopersicon penneli	rescue_ncbi_genus		http://www.semanticweb.org/orestah/ontologies/2024/9/phytotherapies#Plant_Lycopersicon_penneli	2
Plant_Lysichitum_americanum_Hulten_and_St.John	Lysichitum americanum Hulten and St.John	reject_genus_not_in_ncbi_plants			0
Plant_Maerua_pseudopetalosa	Maerua pseudopetalosa	rescue_ncbi_genus		http://www.semanticweb.org/orestah/ontologies/2024/9/phytotherapies#Plant_Maerua_pseudopetalosa	2
Plant_Malesherbia_multiflora	Malesherbia multiflora	rescue_ncbi_genus		http://www.semanticweb.org/orestah/ontologies/2024/9/phytotherapies#Plant_Malesherbia_multiflora	2
Plant_Malonetia_heudelotii	Malonetia heudelotii	reject_genus_not_in_ncbi_plants			0
Plant_Malouetia_heudelotii	Malouetia heudelotii	rescue_ncbi_genus		http://www.semanticweb.org/orestah/ontologies/2024/9/phytotherapies#Plant_Malouetia_heudelotii	2
Plant_Mandevilla_pavonii	Mandevilla pavonii	rescue_ncbi_genus		http://www.semanticweb.org/orestah/ontologies/2024/9/phytotherapies#Plant_Mandevilla_pavonii	2
Plant_Marginosporum_aberrans	Marginosporum aberrans	reject_genus_not_in_ncbi_plants			0
Plant_Marlierea_schottii	Marlierea schottii	rescue_ncbi_genus		http://www.semanticweb.org/orestah/ontologies/2024/9/phytotherapies#Plant_Marlierea_schottii	2
Plant_Marsypianthes_glomerata	Marsypianthes glomerata	rescue_ncbi_genus		http://www.semanticweb.org/orestah/ontologies/2024/9/phytotherapies#Plant_Marsypianthes_glomerata	2
Plant_Massa_medicata_fermentata	Massa medicata fermentata	reject_genus_not_in_ncbi_plants			0
Plant_Matelea_vailiana	Matelea vailiana	rescue_ncbi_genus		http://www.semanticweb.org/orestah/ontologies/2024/9/phytotherapies#Plant_Matelea_vailiana	2
Plant_Medinilla_clarkei	Medinilla clarkei	rescue_ncbi_genus		http://www.semanticweb.org/orestah/ontologies/2024/9/phytotherapies#Plant_Medinilla_clarkei	2
Plant_Melastoma_molle	Melastoma molle	rescue_ncbi_genus		http://www.semanticweb.org/orestah/ontologies/2024/9/phytotherapies#Plant_Melastoma_molle	2
Plant_Melicope_affinis	Melicope affinis	rescue_ncbi_genus		http://www.semanticweb.org/orestah/ontologies/2024/9/phytotherapies#Plant_Melicope_affinis	2
Plant_Melicope_fellii	Melicope fellii	rescue_ncbi_genus		http://www.semanticweb.org/orestah/ontologies/2024/9/phytotherapies#Plant_Melicope_fellii	2
Plant_Melicope_peninsularis	Melicope peninsularis	rescue_ncbi_genus		http://www.semanticweb.org/orestah/ontologies/2024/9/phytotherapies#Plant_Melicope_peninsularis	2
Plant_Messerschmidia_sp.	Messerschmidia sp.	reject_unspecified_species			0
Plant_Microlepia_pilosiuscula	Microlepia pilosiuscula	rescue_ncbi_genus		http://www.semanticweb.org/orestah/ontologies/2024/9/phytotherapies#Plant_Microlepia_pilosiuscula	2
Plant_Micromelum_compressum	Micromelum compressum	rescue_ncbi_genus		http://www.semanticweb.org/orestah/ontologies/2024/9/phytotherapies#Plant_Micromelum_compressum	2
Plant_Microsporium_cookei	Microsporium cookei	reject_genus_not_in_ncbi_plants			0
Plant_Mikania_houstoniana	Mikania houstoniana	rescue_ncbi_genus		http://www.semanticweb.org/orestah/ontologies/2024/9/phytotherapies#Plant_Mikania_houstoniana	2
Plant_Milletia_sp.	Milletia sp.	reject_unspecified_species			0
Plant_Millettia_spp.	Millettia spp.	reject_unspecified_species			0
Plant_Mochinea_polymorpha	Mochinea polymorpha	reject_genus_not_in_ncbi_plants			0
Plant_Moldenhavera_nutans	Moldenhavera nutans	reject_genus_not_in_ncbi_plants			0
Plant_Mollinedia_glaziovii	Mollinedia glaziovii	rescue_ncbi_genus		http://www.semanticweb.org/orestah/ontologies/2024/9/phytotherapies#Plant_Mollinedia_glaziovii	2
Plant_Mollinedia_salicifolia	Mollinedia salicifolia	rescue_ncbi_genus		http://www.semanticweb.org/orestah/ontologies/2024/9/phytotherapies#Plant_Mollinedia_salicifolia	2
Plant_Mostuea_brunnonis	Mostuea brunnonis	rescue_ncbi_genus		http://www.semanticweb.org/orestah/ontologies/2024/9/phytotherapies#Plant_Mostuea_brunnonis	2
Plant_Mucuna_curranii	Mucuna curranii	rescue_ncbi_genus		http://www.semanticweb.org/orestah/ontologies/2024/9/phytotherapies#Plant_Mucuna_curranii	2
Plant_Muellera_montana	Muellera montana	rescue_ncbi_genus		http://www.semanticweb.org/orestah/ontologies/2024/9/phytotherapies#Plant_Muellera_montana	2
Plant_Mycales_sp.	Mycales sp.	reject_unspecified_species			0
Plant_Myrcia_schottii	Myrcia schottii	rescue_ncbi_genus		http://www.semanticweb.org/orestah/ontologies/2024/9/phytotherapies#Plant_Myrcia_schottii	2
Plant_Myrtella_bennigseniana	Myrtella bennigseniana	rescue_ncbi_genus		http://www.semanticweb.org/orestah/ontologies/2024/9/phytotherapies#Plant_Myrtella_bennigseniana	2
Plant_Nanothamnus_sericeous	Nanothamnus sericeous	rescue_ncbi_genus		http://www.semanticweb.org/orestah/ontologies/2024/9/phytotherapies#Plant_Nanothamnus_sericeous	2
Plant_Nardia_subclavata	Nardia subclavata	rescue_ncbi_genus		http://www.semanticweb.org/orestah/ontologies/2024/9/phytotherapies#Plant_Nardia_subclavata	2
Plant_Neolitsea_aureo-sericea_Kosterm.	Neolitsea aureo-sericea Kosterm.	rescue_ncbi_genus		http://www.semanticweb.org/orestah/ontologies/2024/9/phytotherapies#Plant_Neolitsea_aureo-sericea_Kosterm.	2
Plant_Neolitsea_lanuginosa	Neolitsea lanuginosa	rescue_ncbi_genus		http://www.semanticweb.org/orestah/ontologies/2024/9/phytotherapies#Plant_Neolitsea_lanuginosa	2
Plant_Neosartaria_fischeri	Neosartaria fischeri	reject_genus_not_in_ncbi_plants			0
Plant_Nerine_huttonii	Nerine huttonii	rescue_ncbi_genus		http://www.semanticweb.org/orestah/ontologies/2024/9/phytotherapies#Plant_Nerine_huttonii	2
Plant_Notylia_microchila	Notylia microchila	rescue_ncbi_genus		http://www.semanticweb.org/orestah/ontologies/2024/9/phytotherapies#Plant_Notylia_microchila	2
Plant_Nux_prinsepiae	Nux prinsepiae	reject_genus_not_in_ncbi_plants			0
Plant_Ochrosia_mulsantii	Ochrosia mulsantii	rescue_ncbi_genus		http://www.semanticweb.org/orestah/ontologies/2024/9/phytotherapies#Plant_Ochrosia_mulsantii	2
Plant_Ochthocharis_decumbens	Ochthocharis decumbens	rescue_ncbi_genus		http://www.semanticweb.org/orestah/ontologies/2024/9/phytotherapies#Plant_Ochthocharis_decumbens	2
Plant_Ocotea_mollicella	Ocotea mollicella	rescue_ncbi_genus		http://www.semanticweb.org/orestah/ontologies/2024/9/phytotherapies#Plant_Ocotea_mollicella	2
Plant_Onopordon_ambiguum	Onopordon ambiguum	rescue_ncbi_genus		http://www.semanticweb.org/orestah/ontologies/2024/9/phytotherapies#Plant_Onopordon_ambiguum	2
Plant_Onopordon_carmanicum	Onopordon carmanicum	rescue_ncbi_genus		http://www.semanticweb.org/orestah/ontologies/2024/9/phytotherapies#Plant_Onopordon_carmanicum	2
Plant_Ophiosphate_gigaes	Ophiosphate gigaes	reject_genus_not_in_ncbi_plants			0
Plant_Osbeckia_cupularis	Osbeckia cupularis	rescue_ncbi_genus		http://www.semanticweb.org/orestah/ontologies/2024/9/phytotherapies#Plant_Osbeckia_cupularis	2
Plant_Oscillataria_sp.	Oscillataria sp.	reject_unspecified_species			0
Plant_Oscillatoriacean_sp.	Oscillatoriacean sp.	reject_unspecified_species			0
Plant_Osmanthus_austrocaledonica	Osmanthus austrocaledonica	rescue_ncbi_genus		http://www.semanticweb.org/orestah/ontologies/2024/9/phytotherapies#Plant_Osmanthus_austrocaledonica	2
Plant_Oxidation_of_lycopene_with_m-chloroperbenzoic_acid	Oxidation of lycopene with m-chloroperbenzoic acid	reject_genus_not_in_ncbi_plants			0
Plant_Oxystelma_wallichii	Oxystelma wallichii	rescue_ncbi_genus		http://www.semanticweb.org/orestah/ontologies/2024/9/phytotherapies#Plant_Oxystelma_wallichii	2
Plant_Pachycentria_varingaefolia	Pachycentria varingaefolia	rescue_ncbi_genus		http://www.semanticweb.org/orestah/ontologies/2024/9/phytotherapies#Plant_Pachycentria_varingaefolia	2
Plant_Pachycentria_varingiaefolia	Pachycentria varingiaefolia	rescue_ncbi_genus		http://www.semanticweb.org/orestah/ontologies/2024/9/phytotherapies#Plant_Pachycentria_varingiaefolia	2
Plant_Palicourea_semirasa	Palicourea semirasa	rescue_ncbi_genus		http://www.semanticweb.org/orestah/ontologies/2024/9/phytotherapies#Plant_Palicourea_semirasa	2
Plant_Papaver_lisae	Papaver lisae	rescue_ncbi_genus		http://www.semanticweb.org/orestah/ontologies/2024/9/phytotherapies#Plant_Papaver_lisae	2
Plant_Papaver_var._paeoniflorum_Alef.	Papaver var. paeoniflorum Alef.	reject_unspecified_species			0
Plant_Pappobolus_matthewsii	Pappobolus matthewsii	rescue_ncbi_genus		http://www.semanticweb.org/orestah/ontologies/2024/9/phytotherapies#Plant_Pappobolus_matthewsii	2
Plant_Parinari_hypochrysea	Parinari hypochrysea	rescue_ncbi_genus		http://www.semanticweb.org/orestah/ontologies/2024/9/phytotherapies#Plant_Parinari_hypochrysea	2
Plant_Paris_spp.	Paris spp.	reject_unspecified_species			0
Plant_Pausinylstalia_yohimbe	Pausinylstalia yohimbe	reject_genus_not_in_ncbi_plants			0
Plant_Pausinystalia_paniculata	Pausinystalia paniculata	rescue_ncbi_genus		http://www.semanticweb.org/orestah/ontologies/2024/9/phytotherapies#Plant_Pausinystalia_paniculata	2
Plant_Penstemon_imberbis	Penstemon imberbis	rescue_ncbi_genus		http://www.semanticweb.org/orestah/ontologies/2024/9/phytotherapies#Plant_Penstemon_imberbis	2
Plant_Pentacalia_epiphytica	Pentacalia epiphytica	rescue_ncbi_genus		http://www.semanticweb.org/orestah/ontologies/2024/9/phytotherapies#Plant_Pentacalia_epiphytica	2
Plant_Pentacalia_streptothamna	Pentacalia streptothamna	rescue_ncbi_genus		http://www.semanticweb.org/orestah/ontologies/2024/9/phytotherapies#Plant_Pentacalia_streptothamna	2
Plant_Peucedanum_spp.	Peucedanum spp.	reject_unspecified_species			0
Plant_Phaylopsis_falcisepala	Phaylopsis falcisepala	reject_genus_not_in_ncbi_plants			0
Plant_Phlomis_integrifolia	Phlomis integrifolia	rescue_ncbi_genus		http://www.semanticweb.org/orestah/ontologies/2024/9/phytotherapies#Plant_Phlomis_integrifolia	2
Plant_Physispornus_sanguinolentus	Physispornus sanguinolentus	reject_genus_not_in_ncbi_plants			0
Plant_Picrorrhiza_scrophulariflora	Picrorrhiza scrophulariflora	reject_genus_not_in_ncbi_plants			0
Plant_Pig_s_spinal_cord	Pig's spinal cord	reject_genus_not_in_ncbi_plants			0
Plant_Pisum_sp.	Pisum sp.	reject_unspecified_species			0
Plant_Plectranthus_frederici	Plectranthus frederici	rescue_ncbi_genus		http://www.semanticweb.org/orestah/ontologies/2024/9/phytotherapies#Plant_Plectranthus_frederici	2
Plant_Plegmariurus_P._Taxifolius	Plegmariurus P. Taxifolius	reject_genus_not_in_ncbi_plants			0
Plant_Pleopeltis_myriolepsis	Pleopeltis myriolepsis	rescue_ncbi_genus		http://www.semanticweb.org/orestah/ontologies/2024/9/phytotherapies#Plant_Pleopeltis_myriolepsis	2
Plant_Podocarpus_cupressina	Podocarpus cupressina	rescue_ncbi_genus		http://www.semanticweb.org/orestah/ontologies/2024/9/phytotherapies#Plant_Podocarpus_cupressina	2
Plant_Podocarpus_spicata	Podocarpus spicata	rescue_ncbi_genus		http://www.semanticweb.org/orestah/ontologies/2024/9/phytotherapies#Plant_Podocarpus_spicata	2
Plant_Premna_recinosa	Premna recinosa	rescue_ncbi_genus		http://www.semanticweb.org/orestah/ontologies/2024/9/phytotherapies#Plant_Premna_recinosa	2
Plant_Presliophytum_heucherifolia	Presliophytum heucherifolia	rescue_ncbi_genus		http://www.semanticweb.org/orestah/ontologies/2024/9/phytotherapies#Plant_Presliophytum_heucherifolia	2
Plant_Prunus_salina	Prunus salina	rescue_ncbi_genus		http://www.semanticweb.org/orestah/ontologies/2024/9/phytotherapies#Plant_Prunus_salina	2
Plant_Pseudogynoxys_pohlii	Pseudogynoxys pohlii	rescue_ncbi_genus		http://www.semanticweb.org/orestah/ontologies/2024/9/phytotherapies#Plant_Pseudogynoxys_pohlii	2
Plant_Psoralea_connixa	Psoralea connixa	rescue_ncbi_genus		http://www.semanticweb.org/orestah/ontologies/2024/9/phytotherapies#Plant_Psoralea_connixa	2
Plant_Psorospermum_cf._molluscum	Psorospermum cf. molluscum	reject_unspecified_species			0
Plant_Pterodon_apraricioi	Pterodon apraricioi	rescue_ncbi_genus		http://www.semanticweb.org/orestah/ontologies/2024/9/phytotherapies#Plant_Pterodon_apraricioi	2
Plant_Pyrrhopappus_rothrockii	Pyrrhopappus rothrockii	rescue_ncbi_genus		http://www.semanticweb.org/orestah/ontologies/2024/9/phytotherapies#Plant_Pyrrhopappus_rothrockii	2
Plant_Qualea_laboriauana	Qualea laboriauana	rescue_ncbi_genus		http://www.semanticweb.org/orestah/ontologies/2024/9/phytotherapies#Plant_Qualea_laboriauana	2
Plant_Radula_sumatrana	Radula sumatrana	rescue_ncbi_genus		http://www.semanticweb.org/orestah/ontologies/2024/9/phytotherapies#Plant_Radula_sumatrana	2
Plant_Rauvolfia_linearifolia	Rauvolfia linearifolia	rescue_ncbi_genus		http://www.semanticweb.org/orestah/ontologies/2024/9/phytotherapies#Plant_Rauvolfia_linearifolia	2
Plant_Renealmia_regmelliana	Renealmia regmelliana	rescue_ncbi_genus		http://www.semanticweb.org/orestah/ontologies/2024/9/phytotherapies#Plant_Renealmia_regmelliana	2
Plant_Rhei_rhizoma	Rhei rhizoma	reject_genus_not_in_ncbi_plants			0
Plant_Rhododendron_decipiens	Rhododendron decipiens	rescue_ncbi_genus		http://www.semanticweb.org/orestah/ontologies/2024/9/phytotherapies#Plant_Rhododendron_decipiens	2
Plant_Ricinocarpus_muricatus	Ricinocarpus muricatus	rescue_ncbi_genus		http://www.semanticweb.org/orestah/ontologies/2024/9/phytotherapies#Plant_Ricinocarpus_muricatus	2
Plant_Ricinocarpus_stylosus	Ricinocarpus stylosus	rescue_ncbi_genus		http://www.semanticweb.org/orestah/ontologies/2024/9/phytotherapies#Plant_Ricinocarpus_stylosus	2
Plant_Rostellularia_procumbense	Rostellularia procumbense	rescue_ncbi_genus		http://www.semanticweb.org/orestah/ontologies/2024/9/phytotherapies#Plant_Rostellularia_procumbense	2
Plant_Salvia_viscida	Salvia viscida	rescue_ncbi_genus		http://www.semanticweb.org/orestah/ontologies/2024/9/phytotherapies#Plant_Salvia_viscida	2
Plant_Sanguisorbae_radix	Sanguisorbae radix	reject_genus_not_in_ncbi_plants			0
Plant_Sarcomelicope_dogniensis	Sarcomelicope dogniensis	rescue_ncbi_genus		http://www.semanticweb.org/orestah/ontologies/2024/9/phytotherapies#Plant_Sarcomelicope_dogniensis	2
Plant_Sarcophyton_atlanticum	Sarcophyton atlanticum	rescue_ncbi_genus		http://www.semanticweb.org/orestah/ontologies/2024/9/phytotherapies#Plant_Sarcophyton_atlanticum	2
Plant_Sarcophyton_birkelandi	Sarcophyton birkelandi	rescue_ncbi_genus		http://www.semanticweb.org/orestah/ontologies/2024/9/phytotherapies#Plant_Sarcophyton_birkelandi	2
Plant_Satureja_adamovicii	Satureja adamovicii	rescue_ncbi_genus		http://www.semanticweb.org/orestah/ontologies/2024/9/phytotherapies#Plant_Satureja_adamovicii	2
Plant_Satureja_fukarekii	Satureja fukarekii	rescue_ncbi_genus		http://www.semanticweb.org/orestah/ontologies/2024/9/phytotherapies#Plant_Satureja_fukarekii	2
Plant_Schizandra_sp.	Schizandra sp.	reject_unspecified_species			0
Plant_Schizozygia_caffaeoidea	Schizozygia caffaeoidea	rescue_ncbi_genus		http://www.semanticweb.org/orestah/ontologies/2024/9/phytotherapies#Plant_Schizozygia_caffaeoidea	2
Plant_Schoenus_latitans	Schoenus latitans	rescue_ncbi_genus		http://www.semanticweb.org/orestah/ontologies/2024/9/phytotherapies#Plant_Schoenus_latitans	2
Plant_Scopolia_acutangula	Scopolia acutangula	rescue_ncbi_genus		http://www.semanticweb.org/orestah/ontologies/2024/9/phytotherapies#Plant_Scopolia_acutangula	2
Plant_Scopolia_spp.	Scopolia spp.	reject_unspecified_species			0
Plant_Senecio_breviscapus	Senecio breviscapus	rescue_ncbi_genus		http://www.semanticweb.org/orestah/ontologies/2024/9/phytotherapies#Plant_Senecio_breviscapus	2
Plant_Senecio_conzantii	Senecio conzantii	rescue_ncbi_genus		http://www.semanticweb.org/orestah/ontologies/2024/9/phytotherapies#Plant_Senecio_conzantii	2
Plant_Senecio_fabrisii	Senecio fabrisii	rescue_ncbi_genus		http://www.semanticweb.org/orestah/ontologies/2024/9/phytotherapies#Plant_Senecio_fabrisii	2
Plant_Senecio_jacalensis	Senecio jacalensis	rescue_ncbi_genus		http://www.semanticweb.org/orestah/ontologies/2024/9/phytotherapies#Plant_Senecio_jacalensis	2
Plant_Senecio_ochoanus	Senecio ochoanus	rescue_ncbi_genus		http://www.semanticweb.org/orestah/ontologies/2024/9/phytotherapies#Plant_Senecio_ochoanus	2
Plant_Senecio_otiles	Senecio otiles	rescue_ncbi_genus		http://www.semanticweb.org/orestah/ontologies/2024/9/phytotherapies#Plant_Senecio_otiles	2
Plant_Senecio_phillipicus	Senecio phillipicus	rescue_ncbi_genus		http://www.semanticweb.org/orestah/ontologies/2024/9/phytotherapies#Plant_Senecio_phillipicus	2
Plant_Senecio_ragonesi	Senecio ragonesi	rescue_ncbi_genus		http://www.semanticweb.org/orestah/ontologies/2024/9/phytotherapies#Plant_Senecio_ragonesi	2
Plant_Senna_incana	Senna incana	rescue_ncbi_genus		http://www.semanticweb.org/orestah/ontologies/2024/9/phytotherapies#Plant_Senna_incana	2
Plant_Sideritis_granatensis	Sideritis granatensis	rescue_ncbi_genus		http://www.semanticweb.org/orestah/ontologies/2024/9/phytotherapies#Plant_Sideritis_granatensis	2
Plant_Sideritis_osteoxyla	Sideritis osteoxyla	rescue_ncbi_genus		http://www.semanticweb.org/orestah/ontologies/2024/9/phytotherapies#Plant_Sideritis_osteoxyla	2
Plant_Sideritis_scordioides	Sideritis scordioides	rescue_ncbi_genus		http://www.semanticweb.org/orestah/ontologies/2024/9/phytotherapies#Plant_Sideritis_scordioides	2
Plant_Silene_cubanensis	Silene cubanensis	rescue_ncbi_genus		http://www.semanticweb.org/orestah/ontologies/2024/9/phytotherapies#Plant_Silene_cubanensis	2
Plant_Simmondsia_sp.	Simmondsia sp.	reject_unspecified_species			0
Plant_Simsia_spp.	Simsia spp.	reject_unspecified_species			0
Plant_Slanum_betacea	Slanum betacea	reject_genus_not_in_ncbi_plants			0
Plant_Solidago_virgaaurea_var._gigantea	Solidago virgaaurea var. gigantea	rescue_ncbi_genus		http://www.semanticweb.org/orestah/ontologies/2024/9/phytotherapies#Plant_Solidago_virgaaurea_var._gigantea	2
Plant_Sparuna_apiosyce	Sparuna apiosyce	reject_genus_not_in_ncbi_plants			0
Plant_Spongosprites_sp.	Spongosprites sp.	reject_unspecified_species			0
Plant_Stelliosphaera_formicum	Stelliosphaera formicum	reject_genus_not_in_ncbi_plants			0
Plant_Stenachaenium_macrocephalum	Stenachaenium macrocephalum	rescue_ncbi_genus		http://www.semanticweb.org/orestah/ontologies/2024/9/phytotherapies#Plant_Stenachaenium_macrocephalum	2
Plant_Stephanina_officinarum	Stephanina officinarum	rescue_typo_corrected	Stephania officinarum	http://www.semanticweb.org/orestah/ontologies/2024/9/phytotherapies#Organism_4744	2
Plant_Steptomyces_hygroscopicus	Steptomyces hygroscopicus	reject_genus_not_in_ncbi_plants			0
Plant_Sternbergia_sp.	Sternbergia sp.	reject_unspecified_species			0
Plant_Stevia_galeopsidifolia	Stevia galeopsidifolia	rescue_ncbi_genus		http://www.semanticweb.org/orestah/ontologies/2024/9/phytotherapies#Plant_Stevia_galeopsidifolia	2
Plant_Stevia_gilliesii	Stevia gilliesii	rescue_ncbi_genus		http://www.semanticweb.org/orestah/ontologies/2024/9/phytotherapies#Plant_Stevia_gilliesii	2
Plant_Steyermarkina_dispalata	Steyermarkina dispalata	rescue_ncbi_genus		http://www.semanticweb.org/orestah/ontologies/2024/9/phytotherapies#Plant_Steyermarkina_dispalata	2
Plant_Stockisia_brahuica	Stockisia brahuica	rescue_typo_corrected	Stocksia brahuica	http://www.semanticweb.org/orestah/ontologies/2024/9/phytotherapies#Organism_46476	2
Plant_Strachybotrys_alternans	Strachybotrys alternans	reject_genus_not_in_ncbi_plants			0
Plant_Striga_barthlottii	Striga barthlottii	rescue_ncbi_genus		http://www.semanticweb.org/orestah/ontologies/2024/9/phytotherapies#Plant_Striga_barthlottii	2
Plant_Strychnos_elaecocarpa	Strychnos elaecocarpa	rescue_ncbi_genus		http://www.semanticweb.org/orestah/ontologies/2024/9/phytotherapies#Plant_Strychnos_elaecocarpa	2
Plant_Strychnos_solimoensana	Strychnos solimoensana	rescue_ncbi_genus		http://www.semanticweb.org/orestah/ontologies/2024/9/phytotherapies#Plant_Strychnos_solimoensana	2
Plant_Symplocos_laetiviridis	Symplocos laetiviridis	rescue_ncbi_genus		http://www.semanticweb.org/orestah/ontologies/2024/9/phytotherapies#Plant_Symplocos_laetiviridis	2
Plant_Tanacetum_santalinoides	Tanacetum santalinoides	rescue_ncbi_genus		http://www.semanticweb.org/orestah/ontologies/2024/9/phytotherapies#Plant_Tanacetum_santalinoides	2
Plant_Telitoxicum_glaxiovii	Telitoxicum glaxiovii	rescue_ncbi_genus		http://www.semanticweb.org/orestah/ontologies/2024/9/phytotherapies#Plant_Telitoxicum_glaxiovii	2
Plant_Terminalia_impediens	Terminalia impediens	rescue_ncbi_genus		http://www.semanticweb.org/orestah/ontologies/2024/9/phytotherapies#Plant_Terminalia_impediens	2
Plant_Tetracera_spp.	Tetracera spp.	reject_unspecified_species			0
Plant_Teucrium_oliveriunum	Teucrium oliveriunum	rescue_ncbi_genus		http://www.semanticweb.org/orestah/ontologies/2024/9/phytotherapies#Plant_Teucrium_oliveriunum	2
Plant_Tevenotica_persica	Tevenotica persica	reject_genus_not_in_ncbi_plants			0
Plant_Thalictri_herba	Thalictri herba	reject_genus_not_in_ncbi_plants			0
Plant_Thalictrum_hazaricum	Thalictrum hazaricum	rescue_ncbi_genus		http://www.semanticweb.org/orestah/ontologies/2024/9/phytotherapies#Plant_Thalictrum_hazaricum	2
Plant_Thalictrum_honanenae	Thalictrum honanenae	rescue_ncbi_genus		http://www.semanticweb.org/orestah/ontologies/2024/9/phytotherapies#Plant_Thalictrum_honanenae	2
Plant_Thyreoid_sus_domestica	Thyreoid sus domestica	reject_genus_not_in_ncbi_plants			0
Plant_Tonduzia_longiflora	Tonduzia longiflora	rescue_ncbi_genus		http://www.semanticweb.org/orestah/ontologies/2024/9/phytotherapies#Plant_Tonduzia_longiflora	2
Plant_Tonduzia_pettieri	Tonduzia pettieri	rescue_ncbi_genus		http://www.semanticweb.org/orestah/ontologies/2024/9/phytotherapies#Plant_Tonduzia_pettieri	2
Plant_Torreta_yunnanensis	Torreta yunnanensis	rescue_typo_corrected	Torreya yunnanensis	http://www.semanticweb.org/orestah/ontologies/2024/9/phytotherapies#Organism_20871	2
Plant_Tovomita_pyrifolia	Tovomita pyrifolia	rescue_ncbi_genus		http://www.semanticweb.org/orestah/ontologies/2024/9/phytotherapies#Plant_Tovomita_pyrifolia	2
Plant_Trichotosia_latifolia	Trichotosia latifolia	rescue_ncbi_genus		http://www.semanticweb.org/orestah/ontologies/2024/9/phytotherapies#Plant_Trichotosia_latifolia	2
Plant_Valeriana_moonii	Valeriana moonii	rescue_ncbi_genus		http://www.semanticweb.org/orestah/ontologies/2024/9/phytotherapies#Plant_Valeriana_moonii	2
Plant_Valeriana_priophylla	Valeriana priophylla	rescue_ncbi_genus		http://www.semanticweb.org/orestah/ontologies/2024/9/phytotherapies#Plant_Valeriana_priophylla	2
Plant_Vantanea_peruviana	Vantanea peruviana	rescue_ncbi_genus		http://www.semanticweb.org/orestah/ontologies/2024/9/phytotherapies#Plant_Vantanea_peruviana	2
Plant_Vatica_copallifera	Vatica copallifera	rescue_ncbi_genus		http://www.semanticweb.org/orestah/ontologies/2024/9/phytotherapies#Plant_Vatica_copallifera	2
Plant_Vellozia_liliacina	Vellozia liliacina	rescue_ncbi_genus		http://www.semanticweb.org/orestah/ontologies/2024/9/phytotherapies#Plant_Vellozia_liliacina	2
Plant_Vellozia_magdalenae	Vellozia magdalenae	rescue_ncbi_genus		http://www.semanticweb.org/orestah/ontologies/2024/9/phytotherapies#Plant_Vellozia_magdalenae	2
Plant_Veratrum_escholtzii	Veratrum escholtzii	rescue_ncbi_genus		http://www.semanticweb.org/orestah/ontologies/2024/9/phytotherapies#Plant_Veratrum_escholtzii	2
Plant_Verbesina_seattonii	Verbesina seattonii	rescue_ncbi_genus		http://www.semanticweb.org/orestah/ontologies/2024/9/phytotherapies#Plant_Verbesina_seattonii	2
Plant_Wedelia_ovalifolia	Wedelia ovalifolia	rescue_ncbi_genus		http://www.semanticweb.org/orestah/ontologies/2024/9/phytotherapies#Plant_Wedelia_ovalifolia	2
Plant_Xanthium_pennsylvanicum	Xanthium pennsylvanicum	rescue_ncbi_genus		http://www.semanticweb.org/orestah/ontologies/2024/9/phytotherapies#Plant_Xanthium_pennsylvanicum	2
Plant_Xyris_itatiayensis	Xyris itatiayensis	rescue_ncbi_genus		http://www.semanticweb.org/orestah/ontologies/2024/9/phytotherapies#Plant_Xyris_itatiayensis	2
Plant_Xyris_pteygoblephara	Xyris pteygoblephara	rescue_ncbi_genus		http://www.semanticweb.org/orestah/ontologies/2024/9/phytotherapies#Plant_Xyris_pteygoblephara	2
Plant_Zexmenia_gnaphaloides	Zexmenia gnaphaloides	rescue_ncbi_genus		http://www.semanticweb.org/orestah/ontologies/2024/9/phytotherapies#Plant_Zexmenia_gnaphaloides	2
Plant_Zieridium_pseudobtosifolium	Zieridium pseudobtosifolium	reject_genus_not_in_ncbi_plants			0
Plant_actinomycete_saccharothrix_sp.	actinomycete saccharothrix sp.	reject_unspecified_species			0
Plant_annona_cherimilia	annona cherimilia	rescue_ncbi_genus		http://www.semanticweb.org/orestah/ontologies/2024/9/phytotherapies#Plant_annona_cherimilia	2
Plant_gleophyllum_lucidum	gleophyllum lucidum	reject_genus_not_in_ncbi_plants			0
Plant_laffaariella_variabilis	laffaariella variabilis	reject_genus_not_in_ncbi_plants			0
Plant_micronesian_sponges	micronesian sponges	reject_genus_not_in_ncbi_plants			0
Plant_penicillia_sp.	penicillia sp.	reject_unspecified_species			0
Plant_pertrosia_sp.	pertrosia sp.	reject_unspecified_species			0
Plant_piper_guanacastensis	piper guanacastensis	rescue_ncbi_genus		http://www.semanticweb.org/orestah/ontologies/2024/9/phytotherapies#Plant_piper_guanacastensis	2
Plant_salvia_leriaefolia	salvia leriaefolia	rescue_ncbi_genus		http://www.semanticweb.org/orestah/ontologies/2024/9/phytotherapies#Plant_salvia_leriaefolia	2
Plant_tricothecium_sp.	tricothecium sp.	reject_unspecified_species			0
Plant_two_Aspergillus_sp._strains	two Aspergillus sp. strains	reject_genus_not_in_ncbi_plants			0
Plant_Ababaena_flos-aquae	Ababaena flos-aquae	reject_genus_not_in_ncbi_plants			0
Plant_Abrosia_confertiflora	Abrosia confertiflora	rescue_typo_corrected	Ambrosia confertiflora	http://www.semanticweb.org/orestah/ontologies/2024/9/phytotherapies#Organism_5898	1
Plant_Acanthella_carterie	Acanthella carterie	rescue_ncbi_genus		http://www.semanticweb.org/orestah/ontologies/2024/9/phytotherapies#Plant_Acanthella_carterie	1
Plant_Acer_okamotanum	Acer okamotanum	rescue_ncbi_genus		http://www.semanticweb.org/orestah/ontologies/2024/9/phytotherapies#Plant_Acer_okamotanum	1
Plant_Achillea_dracunculus	Achillea dracunculus	rescue_ncbi_genus		http://www.semanticweb.org/orestah/ontologies/2024/9/phytotherapies#Plant_Achillea_dracunculus	1
Plant_Achillea_purpurea	Achillea purpurea	rescue_ncbi_genus		http://www.semanticweb.org/orestah/ontologies/2024/9/phytotherapies#Plant_Achillea_purpurea	1
Plant_Achillea_ulumoffii	Achillea ulumoffii	rescue_ncbi_genus		http://www.semanticweb.org/orestah/ontologies/2024/9/phytotherapies#Plant_Achillea_ulumoffii	1
Plant_Acinidia_rubricaulis_var.coriacea	Acinidia rubricaulis var.coriacea	rescue_typo_corrected	Actinidia rubricaulis	http://www.semanticweb.org/orestah/ontologies/2024/9/phytotherapies#Organism_22959	1
Plant_Aconitum_faurei	Aconitum faurei	rescue_ncbi_genus		http://www.semanticweb.org/orestah/ontologies/2024/9/phytotherapies#Plant_Aconitum_faurei	1
Plant_Aconitum_franchetll	Aconitum franchetll	rescue_ncbi_genus		http://www.semanticweb.org/orestah/ontologies/2024/9/phytotherapies#Plant_Aconitum_franchetll	1
Plant_Aconitum_makchangense	Aconitum makchangense	rescue_ncbi_genus		http://www.semanticweb.org/orestah/ontologies/2024/9/phytotherapies#Plant_Aconitum_makchangense	1
Plant_Aconitum_tamarae	Aconitum tamarae	rescue_ncbi_genus		http://www.semanticweb.org/orestah/ontologies/2024/9/phytotherapies#Plant_Aconitum_tamarae	1
Plant_Aconitum_zeravschnicum	Aconitum zeravschnicum	rescue_ncbi_genus		http://www.semanticweb.org/orestah/ontologies/2024/9/phytotherapies#Plant_Aconitum_zeravschnicum	1
Plant_Acrophularia_lepidota	Acrophularia lepidota	rescue_typo_corrected	Scrophularia lepidota	http://www.semanticweb.org/orestah/ontologies/2024/9/phytotherapies#Plant_Scrophularia_Lepidota	1
Plant_Actotis_artotoides	Actotis artotoides	reject_genus_not_in_ncbi_plants			0
Plant_Adenophora_spp.	Adenophora spp.	reject_unspecified_species			0
Plant_Aeollanthus_subacaulis_var._linearis	Aeollanthus subacaulis var. linearis	rescue_ncbi_genus		http://www.semanticweb.org/orestah/ontologies/2024/9/phytotherapies#Plant_Aeollanthus_subacaulis_var._linearis	1
Plant_Afzelia_cuanzesis	Afzelia cuanzesis	rescue_ncbi_genus		http://www.semanticweb.org/orestah/ontologies/2024/9/phytotherapies#Plant_Afzelia_cuanzesis	1
Plant_Afzelia_spp.	Afzelia spp.	reject_unspecified_species			0
Plant_Afzelia_tortilis	Afzelia tortilis	rescue_ncbi_genus		http://www.semanticweb.org/orestah/ontologies/2024/9/phytotherapies#Plant_Afzelia_tortilis	1
Plant_Agastache_formosanum	Agastache formosanum	rescue_ncbi_genus		http://www.semanticweb.org/orestah/ontologies/2024/9/phytotherapies#Plant_Agastache_formosanum	1
Plant_Agave_mitraeformis	Agave mitraeformis	rescue_ncbi_genus		http://www.semanticweb.org/orestah/ontologies/2024/9/phytotherapies#Plant_Agave_mitraeformis	1
Plant_Agelanthus_dodoneifolius	Agelanthus dodoneifolius	rescue_ncbi_genus		http://www.semanticweb.org/orestah/ontologies/2024/9/phytotherapies#Plant_Agelanthus_dodoneifolius	1
Plant_Ageratina_scorodinioides	Ageratina scorodinioides	rescue_ncbi_genus		http://www.semanticweb.org/orestah/ontologies/2024/9/phytotherapies#Plant_Ageratina_scorodinioides	1
Plant_Ageratina_scorodonoides	Ageratina scorodonoides	rescue_ncbi_genus		http://www.semanticweb.org/orestah/ontologies/2024/9/phytotherapies#Plant_Ageratina_scorodonoides	1
Plant_Aglaia_ferruginaea	Aglaia ferruginaea	rescue_ncbi_genus		http://www.semanticweb.org/orestah/ontologies/2024/9/phytotherapies#Plant_Aglaia_ferruginaea	1
Plant_Aglaia_roburghiana	Aglaia roburghiana	rescue_ncbi_genus		http://www.semanticweb.org/orestah/ontologies/2024/9/phytotherapies#Plant_Aglaia_roburghiana	1
Plant_Agloonema_treubii	Agloonema treubii	reject_genus_not_in_ncbi_plants			0
Plant_Allanblackia_spp.	Allanblackia spp.	reject_unspecified_species			0
Plant_Allangium_lamarckii	Allangium lamarckii	reject_genus_not_in_ncbi_plants			0
Plant_Aloe_pulcherima	Aloe pulcherima	rescue_ncbi_genus		http://www.semanticweb.org/orestah/ontologies/2024/9/phytotherapies#Plant_Aloe_pulcherima	1
Plant_Aloe_ruspolina	Aloe ruspolina	rescue_ncbi_genus		http://www.semanticweb.org/orestah/ontologies/2024/9/phytotherapies#Plant_Aloe_ruspolina	1
Plant_Amaranthus_spp.	Amaranthus spp.	reject_unspecified_species			0
Plant_Ambrosia_nova	Ambrosia nova	rescue_ncbi_genus		http://www.semanticweb.org/orestah/ontologies/2024/9/phytotherapies#Plant_Ambrosia_nova	1
Plant_Amburama_sp.	Amburama sp.	reject_unspecified_species			0
Plant_Amona_bullata	Amona bullata	reject_genus_not_in_ncbi_plants			0
Plant_Amona_squamosa	Amona squamosa	reject_genus_not_in_ncbi_plants			0
Plant_Ampelosis_brevipedanculata	Ampelosis brevipedanculata	reject_genus_not_in_ncbi_plants			0
Plant_Amsinkia_hispida	Amsinkia hispida	reject_genus_not_in_ncbi_plants			0
Plant_Anaphalis_aureo-punctata	Anaphalis aureo-punctata	rescue_ncbi_genus		http://www.semanticweb.org/orestah/ontologies/2024/9/phytotherapies#Plant_Anaphalis_aureo-punctata	1
Plant_Angelica_totaomae	Angelica totaomae	rescue_ncbi_genus		http://www.semanticweb.org/orestah/ontologies/2024/9/phytotherapies#Plant_Angelica_totaomae	1
Plant_Anicistrocladus_korupensis	Anicistrocladus korupensis	rescue_typo_corrected	Ancistrocladus korupensis	http://www.semanticweb.org/orestah/ontologies/2024/9/phytotherapies#Plant_Ancistrocladus_Korupensis	1
Plant_Animal_Propolis	Animal/Propolis	reject_not_binomial			0
Plant_Anisocycla_racemosa	Anisocycla racemosa	rescue_ncbi_genus		http://www.semanticweb.org/orestah/ontologies/2024/9/phytotherapies#Plant_Anisocycla_racemosa	1
Plant_Anthanasia_spp.	Anthanasia spp.	reject_unspecified_species			0
Plant_Anthoceris_littorea	Anthoceris littorea	rescue_typo_corrected	Anthocercis littorea	http://www.semanticweb.org/orestah/ontologies/2024/9/phytotherapies#Organism_7595	1
Plant_Anthrophopleura_japonica	Anthrophopleura japonica	reject_genus_not_in_ncbi_plants			0
Plant_Aplopappus_heterophyllus	Aplopappus heterophyllus	reject_genus_not_in_ncbi_plants			0
Plant_Apocynym_venetum_L.	Apocynym venetum L.	rescue_typo_corrected	Apocynum venetum	http://www.semanticweb.org/orestah/ontologies/2024/9/phytotherapies#Plant_Apocynum_Venetum	1
Plant_Arachioides_standsii	Arachioides standsii	reject_genus_not_in_ncbi_plants			0
Plant_Archangelisia_spp.	Archangelisia spp.	reject_unspecified_species			0
Plant_Arctotis_spp.	Arctotis spp.	reject_unspecified_species			0
Plant_Artemisia_aygyi	Artemisia aygyi	rescue_ncbi_genus		http://www.semanticweb.org/orestah/ontologies/2024/9/phytotherapies#Plant_Artemisia_aygyi	1
Plant_Artemisia_confertiflora	Artemisia confertiflora	rescue_ncbi_genus		http://www.semanticweb.org/orestah/ontologies/2024/9/phytotherapies#Plant_Artemisia_confertiflora	1
Plant_Artemisia_consanguineum	Artemisia consanguineum	rescue_ncbi_genus		http://www.semanticweb.org/orestah/ontologies/2024/9/phytotherapies#Plant_Artemisia_consanguineum	1
Plant_Artemisia_ireyniana	Artemisia ireyniana	rescue_ncbi_genus		http://www.semanticweb.org/orestah/ontologies/2024/9/phytotherapies#Plant_Artemisia_ireyniana	1
Plant_Artemisia_kuramensis	Artemisia kuramensis	rescue_ncbi_genus		http://www.semanticweb.org/orestah/ontologies/2024/9/phytotherapies#Plant_Artemisia_kuramensis	1
Plant_Artemisia_loureiroi	Artemisia loureiroi	rescue_ncbi_genus		http://www.semanticweb.org/orestah/ontologies/2024/9/phytotherapies#Plant_Artemisia_loureiroi	1
Plant_Artemisia_minus	Artemisia minus	rescue_ncbi_genus		http://www.semanticweb.org/orestah/ontologies/2024/9/phytotherapies#Plant_Artemisia_minus	1
Plant_Artemisia_mollis	Artemisia mollis	rescue_ncbi_genus		http://www.semanticweb.org/orestah/ontologies/2024/9/phytotherapies#Plant_Artemisia_mollis	1
Plant_Artemisia_obsinthium	Artemisia obsinthium	rescue_ncbi_genus		http://www.semanticweb.org/orestah/ontologies/2024/9/phytotherapies#Plant_Artemisia_obsinthium	1
Plant_Artemisia_tolonifera	Artemisia tolonifera	rescue_ncbi_genus		http://www.semanticweb.org/orestah/ontologies/2024/9/phytotherapies#Plant_Artemisia_tolonifera	1
Plant_Arum_spp.	Arum spp.	reject_unspecified_species			0
Plant_Asafetida_sp.	Asafetida sp.	reject_unspecified_species			0
Plant_Asanthus_solidaginifolia	Asanthus solidaginifolia	rescue_ncbi_genus		http://www.semanticweb.org/orestah/ontologies/2024/9/phytotherapies#Plant_Asanthus_solidaginifolia	1
Plant_Asarum_longirhizomatosum	Asarum longirhizomatosum	rescue_ncbi_genus		http://www.semanticweb.org/orestah/ontologies/2024/9/phytotherapies#Plant_Asarum_longirhizomatosum	1
Plant_Asplenium_wachaviense	Asplenium wachaviense	rescue_ncbi_genus		http://www.semanticweb.org/orestah/ontologies/2024/9/phytotherapies#Plant_Asplenium_wachaviense	1
Plant_Aster_spp.	Aster spp.	reject_unspecified_species			0
Plant_Astragalus_emestii_COMB.	Astragalus emestii COMB.	rescue_ncbi_genus		http://www.semanticweb.org/orestah/ontologies/2024/9/phytotherapies#Plant_Astragalus_emestii_COMB.	1
Plant_Astragalus_eomplanatus	Astragalus eomplanatus	rescue_ncbi_genus		http://www.semanticweb.org/orestah/ontologies/2024/9/phytotherapies#Plant_Astragalus_eomplanatus	1
Plant_Astragalus_kadshorensis	Astragalus kadshorensis	rescue_ncbi_genus		http://www.semanticweb.org/orestah/ontologies/2024/9/phytotherapies#Plant_Astragalus_kadshorensis	1
Plant_Astragalus_polycanthus_Royle	Astragalus polycanthus Royle	rescue_ncbi_genus		http://www.semanticweb.org/orestah/ontologies/2024/9/phytotherapies#Plant_Astragalus_polycanthus_Royle	1
Plant_Astragalus_tukestanicus	Astragalus tukestanicus	rescue_ncbi_genus		http://www.semanticweb.org/orestah/ontologies/2024/9/phytotherapies#Plant_Astragalus_tukestanicus	1
Plant_Atemisia_annua	Atemisia annua	rescue_typo_corrected	Artemisia annua	http://www.semanticweb.org/orestah/ontologies/2024/9/phytotherapies#Organism_18243	1
Plant_Austrobrickellia_spp.	Austrobrickellia spp.	reject_unspecified_species			0
Plant_Avena_spp.	Avena spp.	reject_unspecified_species			0
Plant_Avrainvillia_spp.	Avrainvillia spp.	reject_unspecified_species			0
Plant_Baccharis_eleagnoides	Baccharis eleagnoides	rescue_ncbi_genus		http://www.semanticweb.org/orestah/ontologies/2024/9/phytotherapies#Plant_Baccharis_eleagnoides	1
Plant_Bahianthus_viscidus	Bahianthus viscidus	rescue_ncbi_genus		http://www.semanticweb.org/orestah/ontologies/2024/9/phytotherapies#Plant_Bahianthus_viscidus	1
Plant_Balameanda_chinensis	Balameanda chinensis	reject_genus_not_in_ncbi_plants			0
Plant_Baleria_lupulina	Baleria lupulina	rescue_typo_corrected	Barleria lupulina	http://www.semanticweb.org/orestah/ontologies/2024/9/phytotherapies#Plant_Barleria_Lupulina	1
Plant_Bartera_fistulosa	Bartera fistulosa	rescue_typo_corrected	Barteria fistulosa	http://www.semanticweb.org/orestah/ontologies/2024/9/phytotherapies#Organism_22150	1
Plant_Beilshmiedia_madana	Beilshmiedia madana	reject_genus_not_in_ncbi_plants			0
Plant_Bellardia_montana	Bellardia montana	rescue_ncbi_genus		http://www.semanticweb.org/orestah/ontologies/2024/9/phytotherapies#Plant_Bellardia_montana	1
Plant_Bellardia_sp.	Bellardia sp.	reject_unspecified_species			0
Plant_Berberies_floribunda	Berberies floribunda	reject_genus_not_in_ncbi_plants			0
Plant_Berberies_lambertii	Berberies lambertii	reject_genus_not_in_ncbi_plants			0
Plant_Berberies_oblonga	Berberies oblonga	rescue_typo_corrected	Berberis oblonga	http://www.semanticweb.org/orestah/ontologies/2024/9/phytotherapies#Organism_6126	1
Plant_Berberies_orthobotrys	Berberies orthobotrys	rescue_typo_corrected	Berberis orthobotrys	http://www.semanticweb.org/orestah/ontologies/2024/9/phytotherapies#Organism_48935	1
Plant_Berberis_cordata	Berberis cordata	rescue_ncbi_genus		http://www.semanticweb.org/orestah/ontologies/2024/9/phytotherapies#Plant_Berberis_cordata	1
Plant_Betula_nova	Betula nova	rescue_ncbi_genus		http://www.semanticweb.org/orestah/ontologies/2024/9/phytotherapies#Plant_Betula_nova	1
Plant_Binapsis_arvense	Binapsis arvense	reject_genus_not_in_ncbi_plants			0
Plant_Biodata_orientalis	Biodata orientalis	reject_genus_not_in_ncbi_plants			0
Plant_Bonnettia_spp.	Bonnettia spp.	reject_unspecified_species			0
Plant_Boophane_fischeri	Boophane fischeri	rescue_ncbi_genus		http://www.semanticweb.org/orestah/ontologies/2024/9/phytotherapies#Plant_Boophane_fischeri	1
Plant_Bougainvillea_root_sap	Bougainvillea root sap	rescue_ncbi_genus		http://www.semanticweb.org/orestah/ontologies/2024/9/phytotherapies#Plant_Bougainvillea_root_sap	1
Plant_Brasilia_serjana	Brasilia serjana	rescue_ncbi_genus		http://www.semanticweb.org/orestah/ontologies/2024/9/phytotherapies#Plant_Brasilia_serjana	1
Plant_Brettanomuces_sp.	Brettanomuces sp.	reject_unspecified_species			0
Plant_Brickellia_guatemaliensis	Brickellia guatemaliensis	rescue_ncbi_genus		http://www.semanticweb.org/orestah/ontologies/2024/9/phytotherapies#Plant_Brickellia_guatemaliensis	1
Plant_Cacalia_ampullacea	Cacalia ampullacea	rescue_ncbi_genus		http://www.semanticweb.org/orestah/ontologies/2024/9/phytotherapies#Plant_Cacalia_ampullacea	1
Plant_Calea_teucrifolia	Calea teucrifolia	rescue_ncbi_genus		http://www.semanticweb.org/orestah/ontologies/2024/9/phytotherapies#Plant_Calea_teucrifolia	1
Plant_Calophyllum_cochinchinense	Calophyllum cochinchinense	rescue_ncbi_genus		http://www.semanticweb.org/orestah/ontologies/2024/9/phytotherapies#Plant_Calophyllum_cochinchinense	1
Plant_Calophyllum_decussata	Calophyllum decussata	rescue_ncbi_genus		http://www.semanticweb.org/orestah/ontologies/2024/9/phytotherapies#Plant_Calophyllum_decussata	1
Plant_Calycopteris_sp.	Calycopteris sp.	reject_unspecified_species			0
Plant_Camaecytisus_pygmaeus	Camaecytisus pygmaeus	rescue_typo_corrected	Chamaecytisus pygmaeus	http://www.semanticweb.org/orestah/ontologies/2024/9/phytotherapies#Plant_Chamaecytisus_pygmaeus	1
Plant_Campanula_spp.	Campanula spp.	reject_unspecified_species			0
Plant_Camylotropis_sp.	Camylotropis sp.	reject_unspecified_species			0
Plant_Candidatus_Entomycale_ignis	Candidatus Entomycale ignis	reject_genus_not_in_ncbi_plants			0
Plant_Caraipa_psidifolia	Caraipa psidifolia	rescue_ncbi_genus		http://www.semanticweb.org/orestah/ontologies/2024/9/phytotherapies#Plant_Caraipa_psidifolia	1
Plant_Carapia_inophyllum	Carapia inophyllum	reject_genus_not_in_ncbi_plants			0
Plant_Caro_verci	Caro verci	reject_genus_not_in_ncbi_plants			0
Plant_Carydalis_ochroleuca	Carydalis ochroleuca	rescue_typo_corrected	Corydalis ochroleuca	http://www.semanticweb.org/orestah/ontologies/2024/9/phytotherapies#Organism_15832	1
Plant_Caryoteris_sp.	Caryoteris sp.	reject_unspecified_species			0
Plant_Cascarilla_spp.	Cascarilla spp.	reject_unspecified_species			0
Plant_Cassia_macrantha	Cassia macrantha	rescue_ncbi_genus		http://www.semanticweb.org/orestah/ontologies/2024/9/phytotherapies#Plant_Cassia_macrantha	1
Plant_Cassia_nomae	Cassia nomae	rescue_ncbi_genus		http://www.semanticweb.org/orestah/ontologies/2024/9/phytotherapies#Plant_Cassia_nomae	1
Plant_Cathartic_principle	Cathartic principle	reject_genus_not_in_ncbi_plants			0
Plant_Centaurea_dimorpha	Centaurea dimorpha	rescue_ncbi_genus		http://www.semanticweb.org/orestah/ontologies/2024/9/phytotherapies#Plant_Centaurea_dimorpha	1
Plant_Centiana_bavarica	Centiana bavarica	rescue_typo_corrected	Gentiana bavarica	http://www.semanticweb.org/orestah/ontologies/2024/9/phytotherapies#Plant_Gentiana_Bavarica	1
Plant_Centipeda_amplyocarpa	Centipeda amplyocarpa	rescue_ncbi_genus		http://www.semanticweb.org/orestah/ontologies/2024/9/phytotherapies#Plant_Centipeda_amplyocarpa	1
Plant_Centipeda_sp.	Centipeda sp.	reject_unspecified_species			0
Plant_Centraria_nivalis	Centraria nivalis	reject_genus_not_in_ncbi_plants			0
Plant_Cephalosporum_crotigenum	Cephalosporum crotigenum	reject_genus_not_in_ncbi_plants			0
Plant_Ceratostigma_spp.	Ceratostigma spp.	reject_unspecified_species			0
Plant_Cerberta_dilatata	Cerberta dilatata	reject_genus_not_in_ncbi_plants			0
Plant_Chaetomorpha_litorea	Chaetomorpha litorea	rescue_ncbi_genus		http://www.semanticweb.org/orestah/ontologies/2024/9/phytotherapies#Plant_Chaetomorpha_litorea	1
Plant_Chara_spp.	Chara spp.	reject_unspecified_species			0
Plant_Chicorum_endiva	Chicorum endiva	reject_genus_not_in_ncbi_plants			0
Plant_Chicorum_intybus	Chicorum intybus	reject_genus_not_in_ncbi_plants			0
Plant_Chlomydomonas_spp.	Chlomydomonas spp.	reject_unspecified_species			0
Plant_Chlorella_spp.	Chlorella spp.	reject_unspecified_species			0
Plant_Chlorpheniramini_maleas	Chlorpheniramini maleas	reject_genus_not_in_ncbi_plants			0
Plant_Chondramides_crocatus	Chondramides crocatus	reject_genus_not_in_ncbi_plants			0
Plant_Chromolaena_heteroclinum	Chromolaena heteroclinum	rescue_ncbi_genus		http://www.semanticweb.org/orestah/ontologies/2024/9/phytotherapies#Plant_Chromolaena_heteroclinum	1
Plant_Chryasanthemum_sp.	Chryasanthemum sp.	reject_unspecified_species			0
Plant_Ciazona_chinensis	Ciazona chinensis	reject_genus_not_in_ncbi_plants			0
Plant_Cinicus_benedictu	Cinicus benedictu	reject_genus_not_in_ncbi_plants			0
Plant_Cinnamomum_Laureiri	Cinnamomum Laureiri	rescue_ncbi_genus		http://www.semanticweb.org/orestah/ontologies/2024/9/phytotherapies#Plant_Cinnamomum_Laureiri	1
Plant_Cinnamomum_philippinese	Cinnamomum philippinese	rescue_ncbi_genus		http://www.semanticweb.org/orestah/ontologies/2024/9/phytotherapies#Plant_Cinnamomum_philippinese	1
Plant_Cladophora_crispula	Cladophora crispula	rescue_ncbi_genus		http://www.semanticweb.org/orestah/ontologies/2024/9/phytotherapies#Plant_Cladophora_crispula	1
Plant_Clarisa_spp.	Clarisa spp.	reject_unspecified_species			0
Plant_Clematis_jubata	Clematis jubata	rescue_ncbi_genus		http://www.semanticweb.org/orestah/ontologies/2024/9/phytotherapies#Plant_Clematis_jubata	1
Plant_Clematis_montevidensis	Clematis montevidensis	rescue_ncbi_genus		http://www.semanticweb.org/orestah/ontologies/2024/9/phytotherapies#Plant_Clematis_montevidensis	1
Plant_Clerodendrum_petasites	Clerodendrum petasites	rescue_ncbi_genus		http://www.semanticweb.org/orestah/ontologies/2024/9/phytotherapies#Plant_Clerodendrum_petasites	1
Plant_Clivia_defixum	Clivia defixum	rescue_ncbi_genus		http://www.semanticweb.org/orestah/ontologies/2024/9/phytotherapies#Plant_Clivia_defixum	1
Plant_Cluytia_richardiana	Cluytia richardiana	reject_genus_not_in_ncbi_plants			0
Plant_Coccifera_plurota	Coccifera plurota	reject_genus_not_in_ncbi_plants			0
Plant_Coelogyne_odorotissima	Coelogyne odorotissima	rescue_ncbi_genus		http://www.semanticweb.org/orestah/ontologies/2024/9/phytotherapies#Plant_Coelogyne_odorotissima	1
Plant_Coelospermum_billardieri	Coelospermum billardieri	rescue_ncbi_genus		http://www.semanticweb.org/orestah/ontologies/2024/9/phytotherapies#Plant_Coelospermum_billardieri	1
Plant_Coespeletia_marcana	Coespeletia marcana	rescue_ncbi_genus		http://www.semanticweb.org/orestah/ontologies/2024/9/phytotherapies#Plant_Coespeletia_marcana	1
Plant_Colladonium_triquestra	Colladonium triquestra	reject_genus_not_in_ncbi_plants			0
Plant_Cones_liquidamber_styraciflua	Cones liquidamber styraciflua	reject_genus_not_in_ncbi_plants			0
Plant_Conobea_sp.	Conobea sp.	reject_unspecified_species			0
Plant_Coprimus_rotundus	Coprimus rotundus	reject_genus_not_in_ncbi_plants			0
Plant_Coprosma_lineariifolia	Coprosma lineariifolia	rescue_ncbi_genus		http://www.semanticweb.org/orestah/ontologies/2024/9/phytotherapies#Plant_Coprosma_lineariifolia	1
Plant_Cordia_buddleioides	Cordia buddleioides	rescue_ncbi_genus		http://www.semanticweb.org/orestah/ontologies/2024/9/phytotherapies#Plant_Cordia_buddleioides	1
Plant_Cordia_francisci	Cordia francisci	rescue_ncbi_genus		http://www.semanticweb.org/orestah/ontologies/2024/9/phytotherapies#Plant_Cordia_francisci	1
Plant_Coronilla_officinalis	Coronilla officinalis	rescue_ncbi_genus		http://www.semanticweb.org/orestah/ontologies/2024/9/phytotherapies#Plant_Coronilla_officinalis	1
Plant_Coronilla_sp.	Coronilla sp.	reject_unspecified_species			0
Plant_Coronnilla_sp.	Coronnilla sp.	reject_unspecified_species			0
Plant_Cotoneaster_thymaefolia	Cotoneaster thymaefolia	rescue_ncbi_genus		http://www.semanticweb.org/orestah/ontologies/2024/9/phytotherapies#Plant_Cotoneaster_thymaefolia	1
Plant_Crataeva_roxburghii	Crataeva roxburghii	reject_genus_not_in_ncbi_plants			0
Plant_Crategus_sp.	Crategus sp.	reject_unspecified_species			0
Plant_Cratoxylum_prumiflorum	Cratoxylum prumiflorum	rescue_ncbi_genus		http://www.semanticweb.org/orestah/ontologies/2024/9/phytotherapies#Plant_Cratoxylum_prumiflorum	1
Plant_Crepis_spp.	Crepis spp.	reject_unspecified_species			0
Plant_Crotalaria_rubiginosa	Crotalaria rubiginosa	rescue_ncbi_genus		http://www.semanticweb.org/orestah/ontologies/2024/9/phytotherapies#Plant_Crotalaria_rubiginosa	1
Plant_Crotolaria_ramosissima	Crotolaria ramosissima	rescue_typo_corrected	Crotalaria ramosissima	http://www.semanticweb.org/orestah/ontologies/2024/9/phytotherapies#Organism_2748	1
Plant_Crucianella_spp.	Crucianella spp.	reject_unspecified_species			0
Plant_Cryptocaria_bourdillonii	Cryptocaria bourdillonii	reject_genus_not_in_ncbi_plants			0
Plant_Cryptocaria_longifolia	Cryptocaria longifolia	rescue_typo_corrected	Cryptocarya longifolia	http://www.semanticweb.org/orestah/ontologies/2024/9/phytotherapies#Organism_22073	1
Plant_Cryptocaria_pleurosperma	Cryptocaria pleurosperma	rescue_typo_corrected	Cryptocarya pleurosperma	http://www.semanticweb.org/orestah/ontologies/2024/9/phytotherapies#Organism_14805	1
Plant_Cryptocarya_bourdillonii	Cryptocarya bourdillonii	rescue_ncbi_genus		http://www.semanticweb.org/orestah/ontologies/2024/9/phytotherapies#Plant_Cryptocarya_bourdillonii	1
Plant_Cryptomeria_konishii	Cryptomeria konishii	rescue_ncbi_genus		http://www.semanticweb.org/orestah/ontologies/2024/9/phytotherapies#Plant_Cryptomeria_konishii	1
Plant_Cryptomeria_spp.	Cryptomeria spp.	reject_unspecified_species			0
Plant_Cuajacum_officinale	Cuajacum officinale	reject_genus_not_in_ncbi_plants			0
Plant_Cyathodes_spp.	Cyathodes spp.	reject_unspecified_species			0
Plant_Cyclamen_europeum	Cyclamen europeum	rescue_ncbi_genus		http://www.semanticweb.org/orestah/ontologies/2024/9/phytotherapies#Plant_Cyclamen_europeum	1
Plant_Cyclea_burmani_DC._Miers_ex_Hook_Thoms	Cyclea burmani (DC.) Miers ex Hook & Thoms	rescue_ncbi_genus		http://www.semanticweb.org/orestah/ontologies/2024/9/phytotherapies#Plant_Cyclea_burmani_DC._Miers_ex_Hook_Thoms	1
Plant_Cyclea_burmannii	Cyclea burmannii	rescue_ncbi_genus		http://www.semanticweb.org/orestah/ontologies/2024/9/phytotherapies#Plant_Cyclea_burmannii	1
Plant_Cycliomorpha_solmsii	Cycliomorpha solmsii	reject_genus_not_in_ncbi_plants			0
Plant_Cyclocotyla_congoensis	Cyclocotyla congoensis	rescue_ncbi_genus		http://www.semanticweb.org/orestah/ontologies/2024/9/phytotherapies#Plant_Cyclocotyla_congoensis	1
Plant_Cylindrokelupha_dalatensis	Cylindrokelupha dalatensis	rescue_ncbi_genus		http://www.semanticweb.org/orestah/ontologies/2024/9/phytotherapies#Plant_Cylindrokelupha_dalatensis	1
Plant_Cymbidium_spp.	Cymbidium spp.	reject_unspecified_species			0
Plant_Cymbopogon_senarensis	Cymbopogon senarensis	rescue_ncbi_genus		http://www.semanticweb.org/orestah/ontologies/2024/9/phytotherapies#Plant_Cymbopogon_senarensis	1
Plant_Cymbopogon_sennaarensis	Cymbopogon sennaarensis	rescue_ncbi_genus		http://www.semanticweb.org/orestah/ontologies/2024/9/phytotherapies#Plant_Cymbopogon_sennaarensis	1
Plant_Cyrodalis_sp.	Cyrodalis sp.	reject_unspecified_species			0
Plant_Cytomium_spp.	Cytomium spp.	reject_unspecified_species			0
Plant_Daemonorops_spp.	Daemonorops spp.	reject_unspecified_species			0
Plant_Delphinium_corumbosum	Delphinium corumbosum	rescue_ncbi_genus		http://www.semanticweb.org/orestah/ontologies/2024/9/phytotherapies#Plant_Delphinium_corumbosum	1
Plant_Dendrostillbella_sp.	Dendrostillbella sp.	reject_unspecified_species			0
Plant_Dihelerispora_chlamycosporia	Dihelerispora chlamycosporia	reject_genus_not_in_ncbi_plants			0
Plant_Dionaea_gigantea	Dionaea gigantea	rescue_ncbi_genus		http://www.semanticweb.org/orestah/ontologies/2024/9/phytotherapies#Plant_Dionaea_gigantea	1
Plant_Dionaea_intermedia	Dionaea intermedia	rescue_ncbi_genus		http://www.semanticweb.org/orestah/ontologies/2024/9/phytotherapies#Plant_Dionaea_intermedia	1
Plant_Dionaea_rotundifolia	Dionaea rotundifolia	rescue_ncbi_genus		http://www.semanticweb.org/orestah/ontologies/2024/9/phytotherapies#Plant_Dionaea_rotundifolia	1
Plant_Diophus_okamurae	Diophus okamurae	reject_genus_not_in_ncbi_plants			0
Plant_Dioscora_parviflora	Dioscora parviflora	rescue_typo_corrected	Dioscorea parviflora	http://www.semanticweb.org/orestah/ontologies/2024/9/phytotherapies#Plant_Dioscorea_Parviflora	1
Plant_Dioscorea_palmifera	Dioscorea palmifera	rescue_ncbi_genus		http://www.semanticweb.org/orestah/ontologies/2024/9/phytotherapies#Plant_Dioscorea_palmifera	1
Plant_Dioscorea_platycalpata	Dioscorea platycalpata	rescue_ncbi_genus		http://www.semanticweb.org/orestah/ontologies/2024/9/phytotherapies#Plant_Dioscorea_platycalpata	1
Plant_Dioscorea_rotundifolia	Dioscorea rotundifolia	rescue_ncbi_genus		http://www.semanticweb.org/orestah/ontologies/2024/9/phytotherapies#Plant_Dioscorea_rotundifolia	1
Plant_Diospyros_caufiflora	Diospyros caufiflora	rescue_ncbi_genus		http://www.semanticweb.org/orestah/ontologies/2024/9/phytotherapies#Plant_Diospyros_caufiflora	1
Plant_Diospyros_indica	Diospyros indica	rescue_ncbi_genus		http://www.semanticweb.org/orestah/ontologies/2024/9/phytotherapies#Plant_Diospyros_indica	1
Plant_Diospyros_manrii	Diospyros manrii	rescue_ncbi_genus		http://www.semanticweb.org/orestah/ontologies/2024/9/phytotherapies#Plant_Diospyros_manrii	1
Plant_Diospyros_nicaragunesis	Diospyros nicaragunesis	rescue_ncbi_genus		http://www.semanticweb.org/orestah/ontologies/2024/9/phytotherapies#Plant_Diospyros_nicaragunesis	1
Plant_Diyaminauclea_zeylanica	Diyaminauclea zeylanica	reject_genus_not_in_ncbi_plants			0
Plant_Doona_spp.	Doona spp.	reject_unspecified_species			0
Plant_Dridmaria_diandra	Dridmaria diandra	reject_genus_not_in_ncbi_plants			0
Plant_Drimys_leucolata	Drimys leucolata	rescue_ncbi_genus		http://www.semanticweb.org/orestah/ontologies/2024/9/phytotherapies#Plant_Drimys_leucolata	1
Plant_Dryanobulanops_spp.	Dryanobulanops spp.	reject_unspecified_species			0
Plant_Drypteris_spp.	Drypteris spp.	reject_unspecified_species			0
Plant_Dulacia_egleri	Dulacia egleri	rescue_ncbi_genus		http://www.semanticweb.org/orestah/ontologies/2024/9/phytotherapies#Plant_Dulacia_egleri	1
Plant_Dunaliella_teriolecta	Dunaliella teriolecta	rescue_ncbi_genus		http://www.semanticweb.org/orestah/ontologies/2024/9/phytotherapies#Plant_Dunaliella_teriolecta	1
Plant_Dutaillyea_oreophila	Dutaillyea oreophila	rescue_ncbi_genus		http://www.semanticweb.org/orestah/ontologies/2024/9/phytotherapies#Plant_Dutaillyea_oreophila	1
Plant_Dysoxylon_acutangulum	Dysoxylon acutangulum	reject_genus_not_in_ncbi_plants			0
Plant_Echinophora_lamondiana	Echinophora lamondiana	rescue_ncbi_genus		http://www.semanticweb.org/orestah/ontologies/2024/9/phytotherapies#Plant_Echinophora_lamondiana	1
Plant_Echinops_spp.	Echinops spp.	reject_unspecified_species			0
Plant_Edulisin_III	Edulisin III	reject_genus_not_in_ncbi_plants			0
Plant_Eleagnus_sp.	Eleagnus sp.	reject_unspecified_species			0
Plant_Eremophila_racemosissima	Eremophila racemosissima	rescue_ncbi_genus		http://www.semanticweb.org/orestah/ontologies/2024/9/phytotherapies#Plant_Eremophila_racemosissima	1
Plant_Ericostemma_litorale	Ericostemma litorale	reject_genus_not_in_ncbi_plants			0
Plant_Eriostemon_buxifolia	Eriostemon buxifolia	rescue_ncbi_genus		http://www.semanticweb.org/orestah/ontologies/2024/9/phytotherapies#Plant_Eriostemon_buxifolia	1
Plant_Erycibe_ellipilimba	Erycibe ellipilimba	rescue_ncbi_genus		http://www.semanticweb.org/orestah/ontologies/2024/9/phytotherapies#Plant_Erycibe_ellipilimba	1
Plant_Eryngium_potericum	Eryngium potericum	rescue_ncbi_genus		http://www.semanticweb.org/orestah/ontologies/2024/9/phytotherapies#Plant_Eryngium_potericum	1
Plant_Eryus_sp.	Eryus sp.	reject_unspecified_species			0
Plant_Esenbeckia_hieronymi	Esenbeckia hieronymi	rescue_ncbi_species		http://www.semanticweb.org/orestah/ontologies/2024/9/phytotherapies#Plant_Esenbeckia_hieronymi	1
Plant_Esenbeckia_sp.	Esenbeckia sp.	reject_unspecified_species			0
Plant_Esenbeckia_spp.	Esenbeckia spp.	reject_unspecified_species			0
Plant_Eugenia_lehmannii	Eugenia lehmannii	rescue_ncbi_genus		http://www.semanticweb.org/orestah/ontologies/2024/9/phytotherapies#Plant_Eugenia_lehmannii	1
Plant_Eugenia_pseudomata	Eugenia pseudomata	rescue_ncbi_genus		http://www.semanticweb.org/orestah/ontologies/2024/9/phytotherapies#Plant_Eugenia_pseudomata	1
Plant_Euodia_spp.	Euodia spp.	reject_unspecified_species			0
Plant_Euphorbia_meyeniana	Euphorbia meyeniana	rescue_ncbi_genus		http://www.semanticweb.org/orestah/ontologies/2024/9/phytotherapies#Plant_Euphorbia_meyeniana	1
Plant_Euphorbia_sancae-catharinae	Euphorbia sancae-catharinae	rescue_ncbi_genus		http://www.semanticweb.org/orestah/ontologies/2024/9/phytotherapies#Plant_Euphorbia_sancae-catharinae	1
Plant_Evodia_littoralis	Evodia littoralis	rescue_ncbi_genus		http://www.semanticweb.org/orestah/ontologies/2024/9/phytotherapies#Plant_Evodia_littoralis	1
Plant_Evodia_madagascariensis	Evodia madagascariensis	rescue_ncbi_genus		http://www.semanticweb.org/orestah/ontologies/2024/9/phytotherapies#Plant_Evodia_madagascariensis	1
Plant_Fel_gallus	Fel gallus	reject_genus_not_in_ncbi_plants			0
Plant_Fel_serpentis	Fel serpentis	reject_genus_not_in_ncbi_plants			0
Plant_Ferula_linkiis	Ferula linkiis	rescue_ncbi_genus		http://www.semanticweb.org/orestah/ontologies/2024/9/phytotherapies#Plant_Ferula_linkiis	1
Plant_Ferulago_antiochia	Ferulago antiochia	rescue_ncbi_genus		http://www.semanticweb.org/orestah/ontologies/2024/9/phytotherapies#Plant_Ferulago_antiochia	1
Plant_Flatycapnos_saxicola	Flatycapnos saxicola	rescue_typo_corrected	Platycapnos saxicola	http://www.semanticweb.org/orestah/ontologies/2024/9/phytotherapies#Organism_6140	1
Plant_Fleischmannin_hymenophylla	Fleischmannin hymenophylla	rescue_typo_corrected	Fleischmannia hymenophylla	http://www.semanticweb.org/orestah/ontologies/2024/9/phytotherapies#Organism_49963	1
Plant_Folium_caryophylli	Folium caryophylli	reject_pharmacognosy_name			0
Plant_Fortunella_spp.	Fortunella spp.	reject_unspecified_species			0
Plant_Fransera_ambrosioides	Fransera ambrosioides	reject_genus_not_in_ncbi_plants			0
Plant_Fructus_broussonetiae	Fructus broussonetiae	reject_pharmacognosy_name			0
Plant_Fructus_tsaoko	Fructus tsaoko	reject_pharmacognosy_name			0
Plant_Frullania_clavata	Frullania clavata	rescue_ncbi_genus		http://www.semanticweb.org/orestah/ontologies/2024/9/phytotherapies#Plant_Frullania_clavata	1
Plant_Frullania_osumiensis	Frullania osumiensis	rescue_ncbi_genus		http://www.semanticweb.org/orestah/ontologies/2024/9/phytotherapies#Plant_Frullania_osumiensis	1
Plant_Fuschia_spp.	Fuschia spp.	reject_unspecified_species			0
Plant_G._battiscombei	G. battiscombei	reject_genus_not_in_ncbi_plants			0
Plant_Gabneria_fulgens	Gabneria fulgens	reject_genus_not_in_ncbi_plants			0
Plant_Gaillardia_spp.	Gaillardia spp.	reject_unspecified_species			0
Plant_Galla_chinensis	Galla chinensis	reject_genus_not_in_ncbi_plants			0
Plant_Garcinia_brevirostris	Garcinia brevirostris	rescue_ncbi_genus		http://www.semanticweb.org/orestah/ontologies/2024/9/phytotherapies#Plant_Garcinia_brevirostris	1
Plant_Garcinia_huillkensis	Garcinia huillkensis	rescue_ncbi_genus		http://www.semanticweb.org/orestah/ontologies/2024/9/phytotherapies#Plant_Garcinia_huillkensis	1
Plant_Gardenia_cramerii	Gardenia cramerii	rescue_ncbi_genus		http://www.semanticweb.org/orestah/ontologies/2024/9/phytotherapies#Plant_Gardenia_cramerii	1
Plant_Gardeniae_fructus	Gardeniae fructus	reject_genus_not_in_ncbi_plants			0
Plant_Geaea_viscida	Geaea viscida	rescue_typo_corrected	Geraea viscida	http://www.semanticweb.org/orestah/ontologies/2024/9/phytotherapies#Organism_23547	1
Plant_Gelsium_elegans	Gelsium elegans	reject_genus_not_in_ncbi_plants			0
Plant_Genera_protomyces	Genera protomyces	reject_genus_not_in_ncbi_plants			0
Plant_Genista_junceum	Genista junceum	rescue_ncbi_genus		http://www.semanticweb.org/orestah/ontologies/2024/9/phytotherapies#Plant_Genista_junceum	1
Plant_Genista_osmariensis	Genista osmariensis	rescue_ncbi_genus		http://www.semanticweb.org/orestah/ontologies/2024/9/phytotherapies#Plant_Genista_osmariensis	1
Plant_Genista_spp.	Genista spp.	reject_unspecified_species			0
Plant_Gentiana_kiriowi	Gentiana kiriowi	rescue_ncbi_genus		http://www.semanticweb.org/orestah/ontologies/2024/9/phytotherapies#Plant_Gentiana_kiriowi	1
Plant_Gercinia_nigrolineata	Gercinia nigrolineata	rescue_typo_corrected	Garcinia nigrolineata	http://www.semanticweb.org/orestah/ontologies/2024/9/phytotherapies#Plant_Garcinia_Nigrolineata	1
Plant_Gethyllis_gregoriana	Gethyllis gregoriana	rescue_ncbi_genus		http://www.semanticweb.org/orestah/ontologies/2024/9/phytotherapies#Plant_Gethyllis_gregoriana	1
Plant_Gloucium_vitellinum_Boiss_and_Buhse	Gloucium vitellinum Boiss and Buhse	rescue_typo_corrected	Glaucium vitellinum	http://www.semanticweb.org/orestah/ontologies/2024/9/phytotherapies#Organism_14911	1
Plant_Glycosma_spp.	Glycosma spp.	reject_unspecified_species			0
Plant_Glypsophila_pacifica	Glypsophila pacifica	rescue_typo_corrected	Gypsophila pacifica	http://www.semanticweb.org/orestah/ontologies/2024/9/phytotherapies#Plant_Gypsophila_Pacifica	1
Plant_Gnidia_spp.	Gnidia spp.	reject_unspecified_species			0
Plant_Gochnatra_rusbyana	Gochnatra rusbyana	reject_genus_not_in_ncbi_plants			0
Plant_Goniothalamus_fulvus	Goniothalamus fulvus	rescue_ncbi_genus		http://www.semanticweb.org/orestah/ontologies/2024/9/phytotherapies#Plant_Goniothalamus_fulvus	1
Plant_Grazielia_dimorpholepsis	Grazielia dimorpholepsis	rescue_ncbi_genus		http://www.semanticweb.org/orestah/ontologies/2024/9/phytotherapies#Plant_Grazielia_dimorpholepsis	1
Plant_Grifolia_confluens	Grifolia confluens	reject_genus_not_in_ncbi_plants			0
Plant_Guatteria_lehmanii	Guatteria lehmanii	rescue_ncbi_genus		http://www.semanticweb.org/orestah/ontologies/2024/9/phytotherapies#Plant_Guatteria_lehmanii	1
Plant_Gurjun_balsam	Gurjun balsam	reject_genus_not_in_ncbi_plants			0
Plant_Gymandenia_albida	Gymandenia albida	rescue_typo_corrected	Gymnadenia albida	http://www.semanticweb.org/orestah/ontologies/2024/9/phytotherapies#Plant_Gymnadenia_Albida	1
Plant_Gymnanthemum_thomsonianum	Gymnanthemum thomsonianum	rescue_ncbi_genus		http://www.semanticweb.org/orestah/ontologies/2024/9/phytotherapies#Plant_Gymnanthemum_thomsonianum	1
Plant_Gymnostroma_missouriensis	Gymnostroma missouriensis	reject_genus_not_in_ncbi_plants			0
Plant_Haemotoxylum_sp.	Haemotoxylum sp.	reject_unspecified_species			0
Plant_Hagenia_sp.	Hagenia sp.	reject_unspecified_species			0
Plant_Halimium_verticillatum	Halimium verticillatum	rescue_ncbi_genus		http://www.semanticweb.org/orestah/ontologies/2024/9/phytotherapies#Plant_Halimium_verticillatum	1
Plant_Haplochlatra_leiantha	Haplochlatra leiantha	reject_genus_not_in_ncbi_plants			0
Plant_Haploclathra_spp.	Haploclathra spp.	reject_unspecified_species			0
Plant_Haplopappus_freemontii	Haplopappus freemontii	rescue_ncbi_genus		http://www.semanticweb.org/orestah/ontologies/2024/9/phytotherapies#Plant_Haplopappus_freemontii	1
Plant_Haplophyllum_albertii	Haplophyllum albertii	rescue_ncbi_genus		http://www.semanticweb.org/orestah/ontologies/2024/9/phytotherapies#Plant_Haplophyllum_albertii	1
Plant_Haplophyllum_kowalenskyi	Haplophyllum kowalenskyi	rescue_ncbi_genus		http://www.semanticweb.org/orestah/ontologies/2024/9/phytotherapies#Plant_Haplophyllum_kowalenskyi	1
Plant_Haplophyllum_schelkovnikovii	Haplophyllum schelkovnikovii	rescue_ncbi_genus		http://www.semanticweb.org/orestah/ontologies/2024/9/phytotherapies#Plant_Haplophyllum_schelkovnikovii	1
Plant_Hebeclinum_macrophyllum	Hebeclinum macrophyllum	rescue_typo_corrected	Hebeclinium macrophyllum	http://www.semanticweb.org/orestah/ontologies/2024/9/phytotherapies#Organism_3249	1
Plant_Helianthella_spp.	Helianthella spp.	reject_unspecified_species			0
Plant_Helichrysum_aphclexiodes	Helichrysum aphclexiodes	rescue_ncbi_genus		http://www.semanticweb.org/orestah/ontologies/2024/9/phytotherapies#Plant_Helichrysum_aphclexiodes	1
Plant_Helieta_parviflora	Helieta parviflora	reject_genus_not_in_ncbi_plants			0
Plant_Hemerocailis_sp	Hemerocailis sp	reject_unspecified_species			0
Plant_Hemiaria_glabra	Hemiaria glabra	reject_genus_not_in_ncbi_plants			0
Plant_Heracleum_candolleaum	Heracleum candolleaum	rescue_ncbi_genus		http://www.semanticweb.org/orestah/ontologies/2024/9/phytotherapies#Plant_Heracleum_candolleaum	1
Plant_Hetarrhizium_anisopliae	Hetarrhizium anisopliae	reject_genus_not_in_ncbi_plants			0
Plant_Hieracium_irazuensis	Hieracium irazuensis	rescue_ncbi_genus		http://www.semanticweb.org/orestah/ontologies/2024/9/phytotherapies#Plant_Hieracium_irazuensis	1
Plant_Hijikia_fusiformis	Hijikia fusiformis	reject_genus_not_in_ncbi_plants			0
Plant_Hippeastrum_ananua	Hippeastrum ananua	rescue_ncbi_genus		http://www.semanticweb.org/orestah/ontologies/2024/9/phytotherapies#Plant_Hippeastrum_ananua	1
Plant_Hochreutinera_hasslerana	Hochreutinera hasslerana	rescue_ncbi_genus		http://www.semanticweb.org/orestah/ontologies/2024/9/phytotherapies#Plant_Hochreutinera_hasslerana	1
Plant_Hollandica_tuberous	Hollandica tuberous	reject_genus_not_in_ncbi_plants			0
Plant_Homalium_pornyense	Homalium pornyense	rescue_ncbi_genus		http://www.semanticweb.org/orestah/ontologies/2024/9/phytotherapies#Plant_Homalium_pornyense	1
Plant_Homoranthus_bornhardtiensis	Homoranthus bornhardtiensis	rescue_ncbi_genus		http://www.semanticweb.org/orestah/ontologies/2024/9/phytotherapies#Plant_Homoranthus_bornhardtiensis	1
Plant_Horsfilidea_superba	Horsfilidea superba	reject_genus_not_in_ncbi_plants			0
Plant_Houttuynia_sp.	Houttuynia sp.	reject_unspecified_species			0
Plant_Hunteria_congolense	Hunteria congolense	rescue_ncbi_genus		http://www.semanticweb.org/orestah/ontologies/2024/9/phytotherapies#Plant_Hunteria_congolense	1
Plant_Hymeniocidon_sp.	Hymeniocidon sp.	reject_unspecified_species			0
Plant_Hymenocallis_arencola	Hymenocallis arencola	rescue_ncbi_genus		http://www.semanticweb.org/orestah/ontologies/2024/9/phytotherapies#Plant_Hymenocallis_arencola	1
Plant_Hyoscyamus_gyorffi	Hyoscyamus gyorffi	rescue_ncbi_genus		http://www.semanticweb.org/orestah/ontologies/2024/9/phytotherapies#Plant_Hyoscyamus_gyorffi	1
Plant_Hyphear_grewinkii	Hyphear grewinkii	rescue_ncbi_genus		http://www.semanticweb.org/orestah/ontologies/2024/9/phytotherapies#Plant_Hyphear_grewinkii	1
Plant_Hytios_reticulatus	Hytios reticulatus	reject_genus_not_in_ncbi_plants			0
Plant_Ilex_martiniana	Ilex martiniana	rescue_ncbi_genus		http://www.semanticweb.org/orestah/ontologies/2024/9/phytotherapies#Plant_Ilex_martiniana	1
Plant_Isodon_angustifolia	Isodon angustifolia	rescue_ncbi_genus		http://www.semanticweb.org/orestah/ontologies/2024/9/phytotherapies#Plant_Isodon_angustifolia	1
Plant_Isodon_bulleyana	Isodon bulleyana	rescue_ncbi_genus		http://www.semanticweb.org/orestah/ontologies/2024/9/phytotherapies#Plant_Isodon_bulleyana	1
Plant_Isodon_erianderianus	Isodon erianderianus	rescue_ncbi_genus		http://www.semanticweb.org/orestah/ontologies/2024/9/phytotherapies#Plant_Isodon_erianderianus	1
Plant_Isodon_glutinosa	Isodon glutinosa	rescue_ncbi_genus		http://www.semanticweb.org/orestah/ontologies/2024/9/phytotherapies#Plant_Isodon_glutinosa	1
Plant_Isodon_longiflora	Isodon longiflora	rescue_ncbi_genus		http://www.semanticweb.org/orestah/ontologies/2024/9/phytotherapies#Plant_Isodon_longiflora	1
Plant_Isodon_pseudo-irrorata	Isodon pseudo-irrorata	rescue_ncbi_genus		http://www.semanticweb.org/orestah/ontologies/2024/9/phytotherapies#Plant_Isodon_pseudo-irrorata	1
Plant_Isodon_pubescens_var.lushiensis	Isodon pubescens var.lushiensis	rescue_ncbi_genus		http://www.semanticweb.org/orestah/ontologies/2024/9/phytotherapies#Plant_Isodon_pubescens_var.lushiensis	1
Plant_Isodon_weisinensis	Isodon weisinensis	rescue_ncbi_genus		http://www.semanticweb.org/orestah/ontologies/2024/9/phytotherapies#Plant_Isodon_weisinensis	1
Plant_Isotrema_asclepiadifolium	Isotrema asclepiadifolium	rescue_ncbi_genus		http://www.semanticweb.org/orestah/ontologies/2024/9/phytotherapies#Plant_Isotrema_asclepiadifolium	1
Plant_Jasmine_secco	Jasmine secco	reject_genus_not_in_ncbi_plants			0
Plant_Joannisea_sp.	Joannisea sp.	reject_unspecified_species			0
Plant_Justicia_ghiestreghtiana	Justicia ghiestreghtiana	rescue_ncbi_genus		http://www.semanticweb.org/orestah/ontologies/2024/9/phytotherapies#Plant_Justicia_ghiestreghtiana	1
Plant_Kaempferia_spp.	Kaempferia spp.	reject_unspecified_species			0
Plant_Kaponia_glutinosa	Kaponia glutinosa	reject_genus_not_in_ncbi_plants			0
Plant_Kaunea_ignorata	Kaunea ignorata	rescue_typo_corrected	Kaunia ignorata	http://www.semanticweb.org/orestah/ontologies/2024/9/phytotherapies#Plant_Kaunia_ignorata	1
Plant_Keucascandra_caveolata	Keucascandra caveolata	reject_genus_not_in_ncbi_plants			0
Plant_Lactucarium_germanicum	Lactucarium germanicum	reject_genus_not_in_ncbi_plants			0
Plant_Lamii_albi	Lamii albi	reject_genus_not_in_ncbi_plants			0
Plant_Lanicera_Alpigena	Lanicera Alpigena	rescue_typo_corrected	Lonicera alpigena	http://www.semanticweb.org/orestah/ontologies/2024/9/phytotherapies#Organism_31830	1
Plant_Lanthella_sp.	Lanthella sp.	reject_unspecified_species			0
Plant_Lathrism_latifolius	Lathrism latifolius	reject_genus_not_in_ncbi_plants			0
Plant_Lathrism_sylvestris	Lathrism sylvestris	reject_genus_not_in_ncbi_plants			0
Plant_Lepechinia_L._caulescens	Lepechinia L. caulescens	rescue_ncbi_genus		http://www.semanticweb.org/orestah/ontologies/2024/9/phytotherapies#Plant_Lepechinia_L._caulescens	1
Plant_Lepidium_sativumt	Lepidium sativumt	rescue_ncbi_genus		http://www.semanticweb.org/orestah/ontologies/2024/9/phytotherapies#Plant_Lepidium_sativumt	1
Plant_Lepidolaena_palpebrifolia	Lepidolaena palpebrifolia	rescue_ncbi_genus		http://www.semanticweb.org/orestah/ontologies/2024/9/phytotherapies#Plant_Lepidolaena_palpebrifolia	1
Plant_Lepidophorum_spp.	Lepidophorum spp.	reject_unspecified_species			0
Plant_Leptostigma_arnothianum	Leptostigma arnothianum	rescue_ncbi_genus		http://www.semanticweb.org/orestah/ontologies/2024/9/phytotherapies#Plant_Leptostigma_arnothianum	1
Plant_Libanotis_transcaucasia	Libanotis transcaucasia	rescue_ncbi_genus		http://www.semanticweb.org/orestah/ontologies/2024/9/phytotherapies#Plant_Libanotis_transcaucasia	1
Plant_Licaria_polyphylla	Licaria polyphylla	rescue_ncbi_genus		http://www.semanticweb.org/orestah/ontologies/2024/9/phytotherapies#Plant_Licaria_polyphylla	1
Plant_Ligum_cinnamomi_camphorae	Ligum cinnamomi camphorae	reject_genus_not_in_ncbi_plants			0
Plant_Linder_strychnifolia	Linder strychnifolia	rescue_typo_corrected	Lindera strychnifolia	http://www.semanticweb.org/orestah/ontologies/2024/9/phytotherapies#Organism_9766	1
Plant_Lithocarpus_officinale	Lithocarpus officinale	rescue_ncbi_genus		http://www.semanticweb.org/orestah/ontologies/2024/9/phytotherapies#Plant_Lithocarpus_officinale	1
Plant_Lithocarpus_spp.	Lithocarpus spp.	reject_unspecified_species			0
Plant_Lobelia_hybrida	Lobelia hybrida	rescue_ncbi_genus		http://www.semanticweb.org/orestah/ontologies/2024/9/phytotherapies#Plant_Lobelia_hybrida	1
Plant_Lopatherum_sp.	Lopatherum sp.	reject_unspecified_species			0
Plant_Lopophora_sp.	Lopophora sp.	reject_unspecified_species			0
Plant_Lotononis_arenicola	Lotononis arenicola	rescue_ncbi_genus		http://www.semanticweb.org/orestah/ontologies/2024/9/phytotherapies#Plant_Lotononis_arenicola	1
Plant_Lotononis_carnea	Lotononis carnea	rescue_ncbi_genus		http://www.semanticweb.org/orestah/ontologies/2024/9/phytotherapies#Plant_Lotononis_carnea	1
Plant_Lotononis_curvicarpa	Lotononis curvicarpa	rescue_ncbi_genus		http://www.semanticweb.org/orestah/ontologies/2024/9/phytotherapies#Plant_Lotononis_curvicarpa	1
Plant_Lotononis_perplexa	Lotononis perplexa	rescue_ncbi_genus		http://www.semanticweb.org/orestah/ontologies/2024/9/phytotherapies#Plant_Lotononis_perplexa	1
Plant_Lotononis_stenophylla	Lotononis stenophylla	rescue_ncbi_genus		http://www.semanticweb.org/orestah/ontologies/2024/9/phytotherapies#Plant_Lotononis_stenophylla	1
Plant_Lovandin_abrialis	Lovandin abrialis	reject_genus_not_in_ncbi_plants			0
Plant_Lsatis_indigotica	Lsatis indigotica	rescue_typo_corrected	Isatis indigotica	http://www.semanticweb.org/orestah/ontologies/2024/9/phytotherapies#Organism_2030	1
Plant_Lumbriconeis_heteropoda	Lumbriconeis heteropoda	reject_genus_not_in_ncbi_plants			0
Plant_Lupinus_heptaphyllus	Lupinus heptaphyllus	rescue_ncbi_genus		http://www.semanticweb.org/orestah/ontologies/2024/9/phytotherapies#Plant_Lupinus_heptaphyllus	1
Plant_Lupinus_hilarianus	Lupinus hilarianus	rescue_ncbi_genus		http://www.semanticweb.org/orestah/ontologies/2024/9/phytotherapies#Plant_Lupinus_hilarianus	1
Plant_Lupinus_oscar-haughtii	Lupinus oscar-haughtii	rescue_ncbi_genus		http://www.semanticweb.org/orestah/ontologies/2024/9/phytotherapies#Plant_Lupinus_oscar-haughtii	1
Plant_Lusia_indivisa	Lusia indivisa	reject_genus_not_in_ncbi_plants			0
Plant_Lusia_volucris	Lusia volucris	reject_genus_not_in_ncbi_plants			0
Plant_Lychnophora_spp.	Lychnophora spp.	reject_unspecified_species			0
Plant_Lycogola_epidendron	Lycogola epidendron	reject_genus_not_in_ncbi_plants			0
Plant_Lycopodium_megastacyum	Lycopodium megastacyum	rescue_ncbi_genus		http://www.semanticweb.org/orestah/ontologies/2024/9/phytotherapies#Plant_Lycopodium_megastacyum	1
Plant_Lycoris_spp.	Lycoris spp.	reject_unspecified_species			0
Plant_Macfadyena_cinancolides	Macfadyena cinancolides	rescue_ncbi_genus		http://www.semanticweb.org/orestah/ontologies/2024/9/phytotherapies#Plant_Macfadyena_cinancolides	1
Plant_Maguey_canasto	Maguey canasto	reject_genus_not_in_ncbi_plants			0
Plant_Maguey_canon_de_abra	Maguey canon de abra	reject_genus_not_in_ncbi_plants			0
Plant_Maguey_cenisto	Maguey cenisto	reject_genus_not_in_ncbi_plants			0
Plant_Maguey_cimmaron	Maguey cimmaron	reject_genus_not_in_ncbi_plants			0
Plant_Maguey_cochabamba	Maguey cochabamba	reject_genus_not_in_ncbi_plants			0
Plant_Maguey_el_ojital	Maguey el ojital	reject_genus_not_in_ncbi_plants			0
Plant_Maguey_espadin	Maguey espadin	reject_genus_not_in_ncbi_plants			0
Plant_Maguey_tequilla_manso	Maguey tequilla manso	reject_genus_not_in_ncbi_plants			0
Plant_Mahania_shenii	Mahania shenii	rescue_typo_corrected	Mahonia shenii	http://www.semanticweb.org/orestah/ontologies/2024/9/phytotherapies#Organism_12661	1
Plant_Malva_kashmiriana	Malva kashmiriana	rescue_ncbi_genus		http://www.semanticweb.org/orestah/ontologies/2024/9/phytotherapies#Plant_Malva_kashmiriana	1
Plant_Malvastrum_coromandelinum	Malvastrum coromandelinum	rescue_ncbi_genus		http://www.semanticweb.org/orestah/ontologies/2024/9/phytotherapies#Plant_Malvastrum_coromandelinum	1
Plant_Mammea_nervosa	Mammea nervosa	rescue_ncbi_genus		http://www.semanticweb.org/orestah/ontologies/2024/9/phytotherapies#Plant_Mammea_nervosa	1
Plant_Mandrogora_offinarum	Mandrogora offinarum	reject_genus_not_in_ncbi_plants			0
Plant_Marchantia_plicata	Marchantia plicata	rescue_ncbi_genus		http://www.semanticweb.org/orestah/ontologies/2024/9/phytotherapies#Plant_Marchantia_plicata	1
Plant_Marine_crinoi	Marine crinoi	reject_genus_not_in_ncbi_plants			0
Plant_Marismius_conigenus	Marismius conigenus	reject_genus_not_in_ncbi_plants			0
Plant_Maytenus_cinfertiflorus	Maytenus cinfertiflorus	rescue_ncbi_genus		http://www.semanticweb.org/orestah/ontologies/2024/9/phytotherapies#Plant_Maytenus_cinfertiflorus	1
Plant_Maytenus_confertiflorus	Maytenus confertiflorus	rescue_ncbi_genus		http://www.semanticweb.org/orestah/ontologies/2024/9/phytotherapies#Plant_Maytenus_confertiflorus	1
Plant_Melaleuca_gilesii	Melaleuca gilesii	rescue_ncbi_genus		http://www.semanticweb.org/orestah/ontologies/2024/9/phytotherapies#Plant_Melaleuca_gilesii	1
Plant_Melaleuca_torulosa	Melaleuca torulosa	rescue_ncbi_genus		http://www.semanticweb.org/orestah/ontologies/2024/9/phytotherapies#Plant_Melaleuca_torulosa	1
Plant_Melicope_fatraina	Melicope fatraina	rescue_ncbi_genus		http://www.semanticweb.org/orestah/ontologies/2024/9/phytotherapies#Plant_Melicope_fatraina	1
Plant_Melicope_leptococa	Melicope leptococa	rescue_ncbi_genus		http://www.semanticweb.org/orestah/ontologies/2024/9/phytotherapies#Plant_Melicope_leptococa	1
Plant_Melicope_littoralis	Melicope littoralis	rescue_ncbi_genus		http://www.semanticweb.org/orestah/ontologies/2024/9/phytotherapies#Plant_Melicope_littoralis	1
Plant_Melodinus_orientalis	Melodinus orientalis	rescue_ncbi_genus		http://www.semanticweb.org/orestah/ontologies/2024/9/phytotherapies#Plant_Melodinus_orientalis	1
Plant_Mendoncia_coccinea	Mendoncia coccinea	rescue_ncbi_genus		http://www.semanticweb.org/orestah/ontologies/2024/9/phytotherapies#Plant_Mendoncia_coccinea	1
Plant_Mentzelia_heterosepala	Mentzelia heterosepala	rescue_ncbi_genus		http://www.semanticweb.org/orestah/ontologies/2024/9/phytotherapies#Plant_Mentzelia_heterosepala	1
Plant_Michelia_spp.	Michelia spp.	reject_unspecified_species			0
Plant_Microchazete_loktakensis	Microchazete loktakensis	reject_genus_not_in_ncbi_plants			0
Plant_Microporous_flabelliformis	Microporous flabelliformis	reject_genus_not_in_ncbi_plants			0
Plant_Microtonea_prainiana	Microtonea prainiana	reject_genus_not_in_ncbi_plants			0
Plant_Mikania_monogasensis	Mikania monogasensis	rescue_ncbi_genus		http://www.semanticweb.org/orestah/ontologies/2024/9/phytotherapies#Plant_Mikania_monogasensis	1
Plant_Milletia_pachycarpa	Milletia pachycarpa	rescue_typo_corrected	Millettia pachycarpa	http://www.semanticweb.org/orestah/ontologies/2024/9/phytotherapies#Plant_Millettia_Pachycarpa	1
Plant_Milletia_pendula	Milletia pendula	reject_genus_not_in_ncbi_plants			0
Plant_Mochia_velutina	Mochia velutina	reject_genus_not_in_ncbi_plants			0
Plant_Monactis_macbridel	Monactis macbridel	rescue_ncbi_genus		http://www.semanticweb.org/orestah/ontologies/2024/9/phytotherapies#Plant_Monactis_macbridel	1
Plant_Monechma_debilis	Monechma debilis	rescue_ncbi_genus		http://www.semanticweb.org/orestah/ontologies/2024/9/phytotherapies#Plant_Monechma_debilis	1
Plant_Monocylcanthus_vignei	Monocylcanthus vignei	rescue_typo_corrected	Monocyclanthus vignei	http://www.semanticweb.org/orestah/ontologies/2024/9/phytotherapies#Organism_10647	1
Plant_Monodoro_sp.	Monodoro sp.	reject_unspecified_species			0
Plant_Montanao_sp.	Montanao sp.	reject_unspecified_species			0
Plant_Montanoa_rosei	Montanoa rosei	rescue_ncbi_genus		http://www.semanticweb.org/orestah/ontologies/2024/9/phytotherapies#Plant_Montanoa_rosei	1
Plant_Monteverdia_fugax	Monteverdia fugax	rescue_ncbi_genus		http://www.semanticweb.org/orestah/ontologies/2024/9/phytotherapies#Plant_Monteverdia_fugax	1
Plant_Morierina_sp.	Morierina sp.	reject_unspecified_species			0
Plant_Moroxydini_hydrochloridum	Moroxydini hydrochloridum	reject_genus_not_in_ncbi_plants			0
Plant_Munozia_maronii	Munozia maronii	rescue_typo_corrected	Munnozia maronii	http://www.semanticweb.org/orestah/ontologies/2024/9/phytotherapies#Organism_18082	1
Plant_Murraya_spp.	Murraya spp.	reject_unspecified_species			0
Plant_Myrciaria_rupestris	Myrciaria rupestris	rescue_ncbi_genus		http://www.semanticweb.org/orestah/ontologies/2024/9/phytotherapies#Plant_Myrciaria_rupestris	1
Plant_Myristica_simarum	Myristica simarum	rescue_ncbi_genus		http://www.semanticweb.org/orestah/ontologies/2024/9/phytotherapies#Plant_Myristica_simarum	1
Plant_Myristica_spp	Myristica spp	reject_unspecified_species			0
Plant_Myrtopsis_microcarpa	Myrtopsis microcarpa	rescue_ncbi_genus		http://www.semanticweb.org/orestah/ontologies/2024/9/phytotherapies#Plant_Myrtopsis_microcarpa	1
Plant_Myzodendron_punctulatum	Myzodendron punctulatum	rescue_ncbi_genus		http://www.semanticweb.org/orestah/ontologies/2024/9/phytotherapies#Plant_Myzodendron_punctulatum	1
Plant_Nandina_spp.	Nandina spp.	reject_unspecified_species			0
Plant_Nelumbinis_rhizomatis	Nelumbinis rhizomatis	reject_genus_not_in_ncbi_plants			0
Plant_Nemuaron_vieilardii	Nemuaron vieilardii	rescue_ncbi_genus		http://www.semanticweb.org/orestah/ontologies/2024/9/phytotherapies#Plant_Nemuaron_vieilardii	1
Plant_Nephteis_fasicularis	Nephteis fasicularis	reject_genus_not_in_ncbi_plants			0
Plant_Nerine_crispa	Nerine crispa	rescue_ncbi_genus		http://www.semanticweb.org/orestah/ontologies/2024/9/phytotherapies#Plant_Nerine_crispa	1
Plant_Nerolaena_spp.	Nerolaena spp.	reject_unspecified_species			0
Plant_Neuraputia_magnifica	Neuraputia magnifica	reject_genus_not_in_ncbi_plants			0
Plant_Notothylas_temperata	Notothylas temperata	rescue_ncbi_genus		http://www.semanticweb.org/orestah/ontologies/2024/9/phytotherapies#Plant_Notothylas_temperata	1
Plant_Nyssa_spp.	Nyssa spp.	reject_unspecified_species			0
Plant_Ochrocarpus_siamensis	Ochrocarpus siamensis	reject_genus_not_in_ncbi_plants			0
Plant_Ochrocarpus_spp.	Ochrocarpus spp.	reject_unspecified_species			0
Plant_Odixia_spp.	Odixia spp.	reject_unspecified_species			0
Plant_Odonittes_serotina	Odonittes serotina	rescue_typo_corrected	Odontites serotina	http://www.semanticweb.org/orestah/ontologies/2024/9/phytotherapies#Organism_24083	1
Plant_Oleandra_neriifolia	Oleandra neriifolia	rescue_ncbi_genus		http://www.semanticweb.org/orestah/ontologies/2024/9/phytotherapies#Plant_Oleandra_neriifolia	1
Plant_Oncidium_rhynchum	Oncidium rhynchum	rescue_ncbi_genus		http://www.semanticweb.org/orestah/ontologies/2024/9/phytotherapies#Plant_Oncidium_rhynchum	1
Plant_Onoceris_albicans	Onoceris albicans	reject_genus_not_in_ncbi_plants			0
Plant_Onopordon_sibthorpianum	Onopordon sibthorpianum	rescue_ncbi_genus		http://www.semanticweb.org/orestah/ontologies/2024/9/phytotherapies#Plant_Onopordon_sibthorpianum	1
Plant_Ophiorrhiza_remotiflora	Ophiorrhiza remotiflora	rescue_ncbi_genus		http://www.semanticweb.org/orestah/ontologies/2024/9/phytotherapies#Plant_Ophiorrhiza_remotiflora	1
Plant_Ophryosporus_axilliflorus	Ophryosporus axilliflorus	rescue_ncbi_genus		http://www.semanticweb.org/orestah/ontologies/2024/9/phytotherapies#Plant_Ophryosporus_axilliflorus	1
Plant_Ophyrosporus_charrua	Ophyrosporus charrua	reject_genus_not_in_ncbi_plants			0
Plant_Ophyrosporus_chilca	Ophyrosporus chilca	reject_genus_not_in_ncbi_plants			0
Plant_Opiorrhiza_sp.	Opiorrhiza sp.	reject_unspecified_species			0
Plant_Orbivestus_karaguensis	Orbivestus karaguensis	rescue_ncbi_genus		http://www.semanticweb.org/orestah/ontologies/2024/9/phytotherapies#Plant_Orbivestus_karaguensis	1
Plant_Orixa_sp	Orixa sp	reject_unspecified_species			0
Plant_Orixa_spp.	Orixa spp.	reject_unspecified_species			0
Plant_Orobanche_denudata	Orobanche denudata	rescue_ncbi_genus		http://www.semanticweb.org/orestah/ontologies/2024/9/phytotherapies#Plant_Orobanche_denudata	1
Plant_Orsellinic_acid	Orsellinic acid	reject_genus_not_in_ncbi_plants			0
Plant_Os_corallii	Os corallii	reject_genus_not_in_ncbi_plants			0
Plant_Os_draconis	Os draconis	reject_genus_not_in_ncbi_plants			0
Plant_Otochilus_fusta	Otochilus fusta	rescue_ncbi_genus		http://www.semanticweb.org/orestah/ontologies/2024/9/phytotherapies#Plant_Otochilus_fusta	1
Plant_Ozothamnus_purpurescens	Ozothamnus purpurescens	rescue_ncbi_genus		http://www.semanticweb.org/orestah/ontologies/2024/9/phytotherapies#Plant_Ozothamnus_purpurescens	1
Plant_Paeoniae_radix	Paeoniae radix	reject_genus_not_in_ncbi_plants			0
Plant_Pamburus_missions	Pamburus missions	rescue_ncbi_genus		http://www.semanticweb.org/orestah/ontologies/2024/9/phytotherapies#Plant_Pamburus_missions	1
Plant_Papuacedrus_torricellenis	Papuacedrus torricellenis	rescue_ncbi_genus		http://www.semanticweb.org/orestah/ontologies/2024/9/phytotherapies#Plant_Papuacedrus_torricellenis	1
Plant_Parabarium_sp.	Parabarium sp.	reject_unspecified_species			0
Plant_Passiflora_cyanea	Passiflora cyanea	rescue_ncbi_genus		http://www.semanticweb.org/orestah/ontologies/2024/9/phytotherapies#Plant_Passiflora_cyanea	1
Plant_Passiflora_quadrifaria	Passiflora quadrifaria	rescue_ncbi_genus		http://www.semanticweb.org/orestah/ontologies/2024/9/phytotherapies#Plant_Passiflora_quadrifaria	1
Plant_Pastinaca_silvestris	Pastinaca silvestris	rescue_ncbi_genus		http://www.semanticweb.org/orestah/ontologies/2024/9/phytotherapies#Plant_Pastinaca_silvestris	1
Plant_Patriniae_scabiosaefoliae	Patriniae scabiosaefoliae	reject_genus_not_in_ncbi_plants			0
Plant_Pausinystalia_sp.	Pausinystalia sp.	reject_unspecified_species			0
Plant_Pausinystalia_yomhinbe	Pausinystalia yomhinbe	rescue_ncbi_genus		http://www.semanticweb.org/orestah/ontologies/2024/9/phytotherapies#Plant_Pausinystalia_yomhinbe	1
Plant_Peaenia_albiflora	Peaenia albiflora	reject_genus_not_in_ncbi_plants			0
Plant_Pekilocerus_bufonius	Pekilocerus bufonius	reject_genus_not_in_ncbi_plants			0
Plant_Peruraria_lobata	Peruraria lobata	reject_genus_not_in_ncbi_plants			0
Plant_Pestaloriopsis_spp.	Pestaloriopsis spp.	reject_unspecified_species			0
Plant_Pfaffia_rhodozyma	Pfaffia rhodozyma	rescue_ncbi_genus		http://www.semanticweb.org/orestah/ontologies/2024/9/phytotherapies#Plant_Pfaffia_rhodozyma	1
Plant_Phacellis_fusca	Phacellis fusca	reject_genus_not_in_ncbi_plants			0
Plant_Phalhinhaea_cernua	Phalhinhaea cernua	rescue_typo_corrected	Palhinhaea cernua	http://www.semanticweb.org/orestah/ontologies/2024/9/phytotherapies#Plant_Palhinhaea_Cernua	1
Plant_Phebalum_ralstonii	Phebalum ralstonii	reject_genus_not_in_ncbi_plants			0
Plant_Phelinus_sp.	Phelinus sp.	reject_unspecified_species			0
Plant_Pherethima_aspergillum	Pherethima aspergillum	reject_genus_not_in_ncbi_plants			0
Plant_Pheum_palmatum	Pheum palmatum	rescue_typo_corrected	Rheum palmatum	http://www.semanticweb.org/orestah/ontologies/2024/9/phytotherapies#Plant_Rheum_Palmatum	1
Plant_Phlebalium_nudum	Phlebalium nudum	reject_genus_not_in_ncbi_plants			0
Plant_Phlegmariurus_acifolius	Phlegmariurus acifolius	rescue_ncbi_genus		http://www.semanticweb.org/orestah/ontologies/2024/9/phytotherapies#Plant_Phlegmariurus_acifolius	1
Plant_Phomu_sp.	Phomu sp.	reject_unspecified_species			0
Plant_Phyllocactus_hybridus	Phyllocactus hybridus	rescue_ncbi_genus		http://www.semanticweb.org/orestah/ontologies/2024/9/phytotherapies#Plant_Phyllocactus_hybridus	1
Plant_Physochliana_alaica	Physochliana alaica	rescue_typo_corrected	Physochlaina alaica	http://www.semanticweb.org/orestah/ontologies/2024/9/phytotherapies#Organism_15395	1
Plant_Phytolocca_esculenta	Phytolocca esculenta	rescue_typo_corrected	Phytolacca esculenta	http://www.semanticweb.org/orestah/ontologies/2024/9/phytotherapies#Organism_31631	1
Plant_Picrorrhiza_scrophulariaeflora	Picrorrhiza scrophulariaeflora	reject_genus_not_in_ncbi_plants			0
Plant_Pierriera_madagascariensis	Pierriera madagascariensis	rescue_typo_corrected	Perriera madagascariensis	http://www.semanticweb.org/orestah/ontologies/2024/9/phytotherapies#Organism_5079	1
Plant_Pilotrichella_cuspidata	Pilotrichella cuspidata	rescue_ncbi_genus		http://www.semanticweb.org/orestah/ontologies/2024/9/phytotherapies#Plant_Pilotrichella_cuspidata	1
Plant_Pimelea_spp.	Pimelea spp.	reject_unspecified_species			0
Plant_Pinus_ellotii	Pinus ellotii	rescue_ncbi_genus		http://www.semanticweb.org/orestah/ontologies/2024/9/phytotherapies#Plant_Pinus_ellotii	1
Plant_Piper_lamarckianum	Piper lamarckianum	rescue_ncbi_genus		http://www.semanticweb.org/orestah/ontologies/2024/9/phytotherapies#Plant_Piper_lamarckianum	1
Plant_Piper_ribesoides	Piper ribesoides	rescue_ncbi_genus		http://www.semanticweb.org/orestah/ontologies/2024/9/phytotherapies#Plant_Piper_ribesoides	1
Plant_Piper_trichostachya	Piper trichostachya	rescue_ncbi_genus		http://www.semanticweb.org/orestah/ontologies/2024/9/phytotherapies#Plant_Piper_trichostachya	1
Plant_Pipotrix_areolare	Pipotrix areolare	reject_genus_not_in_ncbi_plants			0
Plant_Piquiera_trinerva	Piquiera trinerva	reject_genus_not_in_ncbi_plants			0
Plant_Pirola_sp.	Pirola sp.	reject_unspecified_species			0
Plant_Plagiochila_chacabucensis	Plagiochila chacabucensis	rescue_ncbi_genus		http://www.semanticweb.org/orestah/ontologies/2024/9/phytotherapies#Plant_Plagiochila_chacabucensis	1
Plant_Plagiochilla_disticha_Lindenb.	Plagiochilla_disticha_Lindenb.	reject_not_binomial			0
Plant_Planchonella_thyrsoides	Planchonella thyrsoides	rescue_ncbi_genus		http://www.semanticweb.org/orestah/ontologies/2024/9/phytotherapies#Plant_Planchonella_thyrsoides	1
Plant_Plantitenia_absinthifolia	Plantitenia absinthifolia	reject_genus_not_in_ncbi_plants			0
Plant_Platycelphium_voense	Platycelphium voense	rescue_typo_corrected	Platycelyphium voense	http://www.semanticweb.org/orestah/ontologies/2024/9/phytotherapies#Plant_Platycelyphium_voense	1
Plant_Pleocarpus_revolutens	Pleocarpus revolutens	reject_genus_not_in_ncbi_plants			0
Plant_Pleopeltis_montingena	Pleopeltis montingena	rescue_ncbi_genus		http://www.semanticweb.org/orestah/ontologies/2024/9/phytotherapies#Plant_Pleopeltis_montingena	1
Plant_Pletasites_laevigatus	Pletasites laevigatus	rescue_typo_corrected	Petasites laevigatus	http://www.semanticweb.org/orestah/ontologies/2024/9/phytotherapies#Plant_Petasites_Laevigatus	1
Plant_Polygala_gracilenta	Polygala gracilenta	rescue_ncbi_genus		http://www.semanticweb.org/orestah/ontologies/2024/9/phytotherapies#Plant_Polygala_gracilenta	1
Plant_Polyspora_dassanayakei	Polyspora dassanayakei	rescue_ncbi_genus		http://www.semanticweb.org/orestah/ontologies/2024/9/phytotherapies#Plant_Polyspora_dassanayakei	1
Plant_Pondranea_ricasoliana	Pondranea ricasoliana	rescue_typo_corrected	Podranea ricasoliana	http://www.semanticweb.org/orestah/ontologies/2024/9/phytotherapies#Organism_18809	1
Plant_Popowia_cauliflor	Popowia cauliflor	rescue_ncbi_genus		http://www.semanticweb.org/orestah/ontologies/2024/9/phytotherapies#Plant_Popowia_cauliflor	1
Plant_Possible_product_of_ozonolysis	Possible product of ozonolysis	reject_genus_not_in_ncbi_plants			0
Plant_Potential_nutraceutical	Potential nutraceutical	reject_genus_not_in_ncbi_plants			0
Plant_Presliophytum_malesherbioides	Presliophytum malesherbioides	rescue_ncbi_genus		http://www.semanticweb.org/orestah/ontologies/2024/9/phytotherapies#Plant_Presliophytum_malesherbioides	1
Plant_Pricramnia_P._Antidesma	Pricramnia P. Antidesma	reject_genus_not_in_ncbi_plants			0
Plant_Priestleya_spp.	Priestleya spp.	reject_unspecified_species			0
Plant_Protinium_brasilliensis	Protinium brasilliensis	reject_genus_not_in_ncbi_plants			0
Plant_Pseudoaxinyssa_sp.	Pseudoaxinyssa sp.	reject_unspecified_species			0
Plant_Pseudoconidiaphora_coerulescens	Pseudoconidiaphora coerulescens	reject_genus_not_in_ncbi_plants			0
Plant_Pseudognaphalium_heterotrichium	Pseudognaphalium heterotrichium	rescue_ncbi_genus		http://www.semanticweb.org/orestah/ontologies/2024/9/phytotherapies#Plant_Pseudognaphalium_heterotrichium	1
Plant_Pseudostiffita_kingii	Pseudostiffita kingii	rescue_typo_corrected	Pseudostifftia kingii	http://www.semanticweb.org/orestah/ontologies/2024/9/phytotherapies#Plant_Pseudostifftia_kingii	1
Plant_Pseudozuga_sp.	Pseudozuga sp.	reject_unspecified_species			0
Plant_Psychotria_beccaroides	Psychotria beccaroides	rescue_ncbi_genus		http://www.semanticweb.org/orestah/ontologies/2024/9/phytotherapies#Plant_Psychotria_beccaroides	1
Plant_Psychotria_dichroa	Psychotria dichroa	rescue_ncbi_genus		http://www.semanticweb.org/orestah/ontologies/2024/9/phytotherapies#Plant_Psychotria_dichroa	1
Plant_Pulvis_cornu_cervi	Pulvis cornu cervi	reject_genus_not_in_ncbi_plants			0
Plant_Puraia_thunbergiana	Puraia thunbergiana	reject_genus_not_in_ncbi_plants			0
Plant_Puta_graveolens	Puta graveolens	rescue_typo_corrected	Ruta graveolens	http://www.semanticweb.org/orestah/ontologies/2024/9/phytotherapies#Organism_32061	1
Plant_Pycnocycla_tomentosa	Pycnocycla tomentosa	rescue_ncbi_genus		http://www.semanticweb.org/orestah/ontologies/2024/9/phytotherapies#Plant_Pycnocycla_tomentosa	1
Plant_Pyrrosia_prinoides	Pyrrosia prinoides	rescue_ncbi_genus		http://www.semanticweb.org/orestah/ontologies/2024/9/phytotherapies#Plant_Pyrrosia_prinoides	1
Plant_Quercus_pedunculanta	Quercus pedunculanta	rescue_ncbi_genus		http://www.semanticweb.org/orestah/ontologies/2024/9/phytotherapies#Plant_Quercus_pedunculanta	1
Plant_Quisqualis_fructus	Quisqualis fructus	rescue_ncbi_genus		http://www.semanticweb.org/orestah/ontologies/2024/9/phytotherapies#Plant_Quisqualis_fructus	1
Plant_Quisqualis_papinae	Quisqualis papinae	rescue_ncbi_genus		http://www.semanticweb.org/orestah/ontologies/2024/9/phytotherapies#Plant_Quisqualis_papinae	1
Plant_Rabdosia_microphylla	Rabdosia microphylla	rescue_ncbi_genus		http://www.semanticweb.org/orestah/ontologies/2024/9/phytotherapies#Plant_Rabdosia_microphylla	1
Plant_Rauwolfia_bahiensis	Rauwolfia bahiensis	rescue_ncbi_genus		http://www.semanticweb.org/orestah/ontologies/2024/9/phytotherapies#Plant_Rauwolfia_bahiensis	1
Plant_Rauwolfia_volkensii	Rauwolfia volkensii	rescue_ncbi_genus		http://www.semanticweb.org/orestah/ontologies/2024/9/phytotherapies#Plant_Rauwolfia_volkensii	1
Plant_Retanilla_spp.	Retanilla spp.	reject_unspecified_species			0
Plant_Rgeum_emodi	Rgeum emodi	rescue_typo_corrected	Rheum emodi	http://www.semanticweb.org/orestah/ontologies/2024/9/phytotherapies#Organism_5522	1
Plant_Rhamnus_crenatus	Rhamnus crenatus	rescue_ncbi_genus		http://www.semanticweb.org/orestah/ontologies/2024/9/phytotherapies#Plant_Rhamnus_crenatus	1
Plant_Rhaponticum_orientale	Rhaponticum orientale	rescue_ncbi_genus		http://www.semanticweb.org/orestah/ontologies/2024/9/phytotherapies#Plant_Rhaponticum_orientale	1
Plant_Rhododendron_hymenanthus	Rhododendron hymenanthus	rescue_ncbi_genus		http://www.semanticweb.org/orestah/ontologies/2024/9/phytotherapies#Plant_Rhododendron_hymenanthus	1
Plant_Rhododendron_lingii	Rhododendron lingii	rescue_ncbi_genus		http://www.semanticweb.org/orestah/ontologies/2024/9/phytotherapies#Plant_Rhododendron_lingii	1
Plant_Riccardia_jackii	Riccardia jackii	rescue_ncbi_genus		http://www.semanticweb.org/orestah/ontologies/2024/9/phytotherapies#Plant_Riccardia_jackii	1
Plant_Rivea_spp.	Rivea spp.	reject_unspecified_species			0
Plant_Rodiola_algida	Rodiola algida	rescue_typo_corrected	Rhodiola algida	http://www.semanticweb.org/orestah/ontologies/2024/9/phytotherapies#Plant_Rhodiola_Algida	1
Plant_Rodiola_coccinea	Rodiola coccinea	rescue_typo_corrected	Rhodiola coccinea	http://www.semanticweb.org/orestah/ontologies/2024/9/phytotherapies#Organism_54104	1
Plant_Rodiola_crenulata	Rodiola crenulata	rescue_typo_corrected	Rhodiola crenulata	http://www.semanticweb.org/orestah/ontologies/2024/9/phytotherapies#Organism_6585	1
Plant_Rodiola_himalansis	Rodiola himalansis	reject_genus_not_in_ncbi_plants			0
Plant_Rodiola_kirilowii	Rodiola kirilowii	rescue_typo_corrected	Rhodiola kirilowii	http://www.semanticweb.org/orestah/ontologies/2024/9/phytotherapies#Plant_Rhodiola_Kirilowii	1
Plant_Rodiola_quadrifida	Rodiola quadrifida	rescue_typo_corrected	Rhodiola quadrifida	http://www.semanticweb.org/orestah/ontologies/2024/9/phytotherapies#Organism_21909	1
Plant_Rodiola_sacra	Rodiola sacra	rescue_typo_corrected	Rhodiola sacra	http://www.semanticweb.org/orestah/ontologies/2024/9/phytotherapies#Plant_Rhodiola_Sacra	1
Plant_Rodiola_subopposita	Rodiola subopposita	rescue_typo_corrected	Rhodiola subopposita	http://www.semanticweb.org/orestah/ontologies/2024/9/phytotherapies#Plant_Rodiola_subopposita	1
Plant_Rohdea_juparensis	Rohdea juparensis	rescue_ncbi_genus		http://www.semanticweb.org/orestah/ontologies/2024/9/phytotherapies#Plant_Rohdea_juparensis	1
Plant_Rohdea_jyunnanensis	Rohdea jyunnanensis	rescue_ncbi_genus		http://www.semanticweb.org/orestah/ontologies/2024/9/phytotherapies#Plant_Rohdea_jyunnanensis	1
Plant_Roseoformes_subflexibilis	Roseoformes subflexibilis	reject_genus_not_in_ncbi_plants			0
Plant_Sabina_spp.	Sabina spp.	reject_unspecified_species			0
Plant_Saccarothrix_sp.	Saccarothrix sp.	reject_unspecified_species			0
Plant_Sageretia_filiformia	Sageretia filiformia	rescue_ncbi_genus		http://www.semanticweb.org/orestah/ontologies/2024/9/phytotherapies#Plant_Sageretia_filiformia	1
Plant_Salvia_bracteta	Salvia bracteta	rescue_ncbi_genus		http://www.semanticweb.org/orestah/ontologies/2024/9/phytotherapies#Plant_Salvia_bracteta	1
Plant_Salvia_folium	Salvia folium	rescue_ncbi_genus		http://www.semanticweb.org/orestah/ontologies/2024/9/phytotherapies#Plant_Salvia_folium	1
Plant_Sanbaria_stellipila	Sanbaria stellipila	reject_genus_not_in_ncbi_plants			0
Plant_Sarcomelicope_leicarpa	Sarcomelicope leicarpa	rescue_ncbi_genus		http://www.semanticweb.org/orestah/ontologies/2024/9/phytotherapies#Plant_Sarcomelicope_leicarpa	1
Plant_Saussurea_iappa	Saussurea iappa	rescue_ncbi_genus		http://www.semanticweb.org/orestah/ontologies/2024/9/phytotherapies#Plant_Saussurea_iappa	1
Plant_Saussurea_puchella	Saussurea puchella	rescue_ncbi_genus		http://www.semanticweb.org/orestah/ontologies/2024/9/phytotherapies#Plant_Saussurea_puchella	1
Plant_Scadiopitys_verticillata	Scadiopitys verticillata	reject_genus_not_in_ncbi_plants			0
Plant_Scaveola_namaquense	Scaveola namaquense	reject_genus_not_in_ncbi_plants			0
Plant_Schkuhia_spp.	Schkuhia spp.	reject_unspecified_species			0
Plant_Schlerochiton_ilicifolius	Schlerochiton ilicifolius	rescue_typo_corrected	Sclerochiton ilicifolius	http://www.semanticweb.org/orestah/ontologies/2024/9/phytotherapies#Plant_Sclerochiton_ilicifolius	1
Plant_Scholtzia_parviflora	Scholtzia parviflora	rescue_ncbi_genus		http://www.semanticweb.org/orestah/ontologies/2024/9/phytotherapies#Plant_Scholtzia_parviflora	1
Plant_Sciodaphyllum_reticulatum	Sciodaphyllum reticulatum	rescue_ncbi_genus		http://www.semanticweb.org/orestah/ontologies/2024/9/phytotherapies#Plant_Sciodaphyllum_reticulatum	1
Plant_Sclerotina_fruticola	Sclerotina fruticola	reject_genus_not_in_ncbi_plants			0
Plant_Scutellalia_discolor_COLEBR.	Scutellalia discolor COLEBR.	rescue_typo_corrected	Scutellaria discolor	http://www.semanticweb.org/orestah/ontologies/2024/9/phytotherapies#Organism_6325	1
Plant_Semenovia_suffruticosa	Semenovia suffruticosa	rescue_ncbi_genus		http://www.semanticweb.org/orestah/ontologies/2024/9/phytotherapies#Plant_Semenovia_suffruticosa	1
Plant_Sempervivum_nevadense	Sempervivum nevadense	rescue_ncbi_genus		http://www.semanticweb.org/orestah/ontologies/2024/9/phytotherapies#Plant_Sempervivum_nevadense	1
Plant_Senecio_burkartii	Senecio burkartii	rescue_ncbi_genus		http://www.semanticweb.org/orestah/ontologies/2024/9/phytotherapies#Plant_Senecio_burkartii	1
Plant_Senecio_crucifolia	Senecio crucifolia	rescue_ncbi_genus		http://www.semanticweb.org/orestah/ontologies/2024/9/phytotherapies#Plant_Senecio_crucifolia	1
Plant_Senecio_erechthitoides	Senecio erechthitoides	rescue_ncbi_genus		http://www.semanticweb.org/orestah/ontologies/2024/9/phytotherapies#Plant_Senecio_erechthitoides	1
Plant_Senecio_garnieri	Senecio garnieri	rescue_ncbi_genus		http://www.semanticweb.org/orestah/ontologies/2024/9/phytotherapies#Plant_Senecio_garnieri	1
Plant_Senecio_incarnus	Senecio incarnus	rescue_ncbi_genus		http://www.semanticweb.org/orestah/ontologies/2024/9/phytotherapies#Plant_Senecio_incarnus	1
Plant_Senecio_scleratus	Senecio scleratus	rescue_ncbi_genus		http://www.semanticweb.org/orestah/ontologies/2024/9/phytotherapies#Plant_Senecio_scleratus	1
Plant_Senecio_zapahuirensis	Senecio zapahuirensis	rescue_ncbi_genus		http://www.semanticweb.org/orestah/ontologies/2024/9/phytotherapies#Plant_Senecio_zapahuirensis	1
Plant_Shefflera_venulosa	Shefflera venulosa	rescue_typo_corrected	Schefflera venulosa	http://www.semanticweb.org/orestah/ontologies/2024/9/phytotherapies#Organism_30433	1
Plant_Shorea_spp.	Shorea spp.	reject_unspecified_species			0
Plant_Sideritis_flavovitens	Sideritis flavovitens	rescue_ncbi_genus		http://www.semanticweb.org/orestah/ontologies/2024/9/phytotherapies#Plant_Sideritis_flavovitens	1
Plant_Sideritis_galatica	Sideritis galatica	rescue_ncbi_genus		http://www.semanticweb.org/orestah/ontologies/2024/9/phytotherapies#Plant_Sideritis_galatica	1
Plant_Snecio_squalidus	Snecio squalidus	rescue_typo_corrected	Senecio squalidus	http://www.semanticweb.org/orestah/ontologies/2024/9/phytotherapies#Organism_21002	1
Plant_Solanum_berthautii	Solanum berthautii	rescue_ncbi_genus		http://www.semanticweb.org/orestah/ontologies/2024/9/phytotherapies#Plant_Solanum_berthautii	1
Plant_Sorbus_margittaiana	Sorbus margittaiana	rescue_ncbi_genus		http://www.semanticweb.org/orestah/ontologies/2024/9/phytotherapies#Plant_Sorbus_margittaiana	1
Plant_Spatholobi_sp.	Spatholobi sp.	reject_unspecified_species			0
Plant_Sphaeropsidales_spp.	Sphaeropsidales spp.	reject_unspecified_species			0
Plant_Spilanthes_pallida	Spilanthes pallida	rescue_ncbi_genus		http://www.semanticweb.org/orestah/ontologies/2024/9/phytotherapies#Plant_Spilanthes_pallida	1
Plant_Staphylea_formosana	Staphylea formosana	rescue_ncbi_genus		http://www.semanticweb.org/orestah/ontologies/2024/9/phytotherapies#Plant_Staphylea_formosana	1
Plant_Stauntonia_latifolia	Stauntonia latifolia	rescue_ncbi_genus		http://www.semanticweb.org/orestah/ontologies/2024/9/phytotherapies#Plant_Stauntonia_latifolia	1
Plant_Stephanina_aculeata	Stephanina aculeata	rescue_typo_corrected	Stephania aculeata	http://www.semanticweb.org/orestah/ontologies/2024/9/phytotherapies#Organism_11821	1
Plant_Stephanina_bancroftii	Stephanina bancroftii	rescue_typo_corrected	Stephania bancroftii	http://www.semanticweb.org/orestah/ontologies/2024/9/phytotherapies#Organism_14097	1
Plant_Stevia_breviarietata	Stevia breviarietata	rescue_ncbi_genus		http://www.semanticweb.org/orestah/ontologies/2024/9/phytotherapies#Plant_Stevia_breviarietata	1
Plant_Stevia_somaipatensis	Stevia somaipatensis	rescue_ncbi_genus		http://www.semanticweb.org/orestah/ontologies/2024/9/phytotherapies#Plant_Stevia_somaipatensis	1
Plant_Stevia_soratensis	Stevia soratensis	rescue_ncbi_genus		http://www.semanticweb.org/orestah/ontologies/2024/9/phytotherapies#Plant_Stevia_soratensis	1
Plant_Stilbe_spp.	Stilbe spp.	reject_unspecified_species			0
Plant_Stilpnopappus_spp.	Stilpnopappus spp.	reject_unspecified_species			0
Plant_Stomanthes_africanus	Stomanthes africanus	reject_genus_not_in_ncbi_plants			0
Plant_Strachybotrys_atra	Strachybotrys atra	reject_genus_not_in_ncbi_plants			0
Plant_Stramentopappus_poolae	Stramentopappus poolae	rescue_ncbi_genus		http://www.semanticweb.org/orestah/ontologies/2024/9/phytotherapies#Plant_Stramentopappus_poolae	1
Plant_Streptmoces_sp.	Streptmoces sp.	reject_unspecified_species			0
Plant_Strumaria_barbariae	Strumaria barbariae	rescue_ncbi_genus		http://www.semanticweb.org/orestah/ontologies/2024/9/phytotherapies#Plant_Strumaria_barbariae	1
Plant_Strychnos_guaianensis_Aubl._Mart.	Strychnos guaianensis (Aubl.) Mart.	rescue_ncbi_genus		http://www.semanticweb.org/orestah/ontologies/2024/9/phytotherapies#Plant_Strychnos_guaianensis_Aubl._Mart.	1
Plant_Strychnos_melioniana	Strychnos melioniana	rescue_ncbi_genus		http://www.semanticweb.org/orestah/ontologies/2024/9/phytotherapies#Plant_Strychnos_melioniana	1
Plant_Strychnos_romeubelenii	Strychnos romeubelenii	rescue_ncbi_genus		http://www.semanticweb.org/orestah/ontologies/2024/9/phytotherapies#Plant_Strychnos_romeubelenii	1
Plant_Strypopodium_zonale	Strypopodium zonale	reject_genus_not_in_ncbi_plants			0
Plant_Swertia_alata	Swertia alata	rescue_ncbi_genus		http://www.semanticweb.org/orestah/ontologies/2024/9/phytotherapies#Plant_Swertia_alata	1
Plant_Swintonia_foxworthyi	Swintonia foxworthyi	rescue_ncbi_genus		http://www.semanticweb.org/orestah/ontologies/2024/9/phytotherapies#Plant_Swintonia_foxworthyi	1
Plant_Symphiopappus_itatiayensis	Symphiopappus itatiayensis	rescue_typo_corrected	Symphyopappus itatiayensis	http://www.semanticweb.org/orestah/ontologies/2024/9/phytotherapies#Plant_Symphiopappus_itatiayensis	1
Plant_Symphythum_sp.	Symphythum sp.	reject_unspecified_species			0
Plant_Syncolostemon_welwitschii	Syncolostemon welwitschii	rescue_ncbi_genus		http://www.semanticweb.org/orestah/ontologies/2024/9/phytotherapies#Plant_Syncolostemon_welwitschii	1
Plant_Syphopappus_polystachyus	Syphopappus polystachyus	reject_genus_not_in_ncbi_plants			0
Plant_Tabernaemontana_brachyacantha	Tabernaemontana brachyacantha	rescue_ncbi_genus		http://www.semanticweb.org/orestah/ontologies/2024/9/phytotherapies#Plant_Tabernaemontana_brachyacantha	1
Plant_Tabernaemontana_psychotrifolia	Tabernaemontana psychotrifolia	rescue_ncbi_genus		http://www.semanticweb.org/orestah/ontologies/2024/9/phytotherapies#Plant_Tabernaemontana_psychotrifolia	1
Plant_Tabernaemontana_ternifolia	Tabernaemontana ternifolia	rescue_ncbi_genus		http://www.semanticweb.org/orestah/ontologies/2024/9/phytotherapies#Plant_Tabernaemontana_ternifolia	1
Plant_Takakia_spp.	Takakia spp.	reject_unspecified_species			0
Plant_Tanacetum_santolinioides	Tanacetum santolinioides	rescue_ncbi_genus		http://www.semanticweb.org/orestah/ontologies/2024/9/phytotherapies#Plant_Tanacetum_santolinioides	1
Plant_Tapeinosperma_clethroides	Tapeinosperma clethroides	rescue_ncbi_genus		http://www.semanticweb.org/orestah/ontologies/2024/9/phytotherapies#Plant_Tapeinosperma_clethroides	1
Plant_Tarenna_vanprukii	Tarenna vanprukii	rescue_ncbi_genus		http://www.semanticweb.org/orestah/ontologies/2024/9/phytotherapies#Plant_Tarenna_vanprukii	1
Plant_Teletoxicum_peruvianum	Teletoxicum peruvianum	rescue_typo_corrected	Telitoxicum peruvianum	http://www.semanticweb.org/orestah/ontologies/2024/9/phytotherapies#Organism_11806	1
Plant_Teragonotheca_repanda	Teragonotheca repanda	rescue_typo_corrected	Tetragonotheca repanda	http://www.semanticweb.org/orestah/ontologies/2024/9/phytotherapies#Organism_4078	1
Plant_Teucrium_rivas-martinezii	Teucrium rivas-martinezii	rescue_ncbi_genus		http://www.semanticweb.org/orestah/ontologies/2024/9/phytotherapies#Plant_Teucrium_rivas-martinezii	1
Plant_Thelepogon_elegansas	Thelepogon elegansas	rescue_ncbi_genus		http://www.semanticweb.org/orestah/ontologies/2024/9/phytotherapies#Plant_Thelepogon_elegansas	1
Plant_Thryptomene_denticulata	Thryptomene denticulata	rescue_ncbi_genus		http://www.semanticweb.org/orestah/ontologies/2024/9/phytotherapies#Plant_Thryptomene_denticulata	1
Plant_Thuretella_schousboei	Thuretella schousboei	reject_genus_not_in_ncbi_plants			0
Plant_Thylachium_thomasii	Thylachium thomasii	rescue_ncbi_genus		http://www.semanticweb.org/orestah/ontologies/2024/9/phytotherapies#Plant_Thylachium_thomasii	1
Plant_Thyrsanospermum_diffusum	Thyrsanospermum diffusum	reject_genus_not_in_ncbi_plants			0
Plant_Tinospora_malabrica	Tinospora malabrica	rescue_ncbi_genus		http://www.semanticweb.org/orestah/ontologies/2024/9/phytotherapies#Plant_Tinospora_malabrica	1
Plant_Tonduza_longifolia	Tonduza longifolia	rescue_typo_corrected	Tonduzia longifolia	http://www.semanticweb.org/orestah/ontologies/2024/9/phytotherapies#Organism_45944	1
Plant_Traxacum_officinale	Traxacum officinale	rescue_typo_corrected	Taraxacum officinale	http://www.semanticweb.org/orestah/ontologies/2024/9/phytotherapies#Organism_13023	1
Plant_Trigonella_caerulescens	Trigonella caerulescens	rescue_ncbi_genus		http://www.semanticweb.org/orestah/ontologies/2024/9/phytotherapies#Plant_Trigonella_caerulescens	1
Plant_Trigonella_cerulea	Trigonella cerulea	rescue_ncbi_genus		http://www.semanticweb.org/orestah/ontologies/2024/9/phytotherapies#Plant_Trigonella_cerulea	1
Plant_Trithonia_rotundifolia	Trithonia rotundifolia	rescue_typo_corrected	Tithonia rotundifolia	http://www.semanticweb.org/orestah/ontologies/2024/9/phytotherapies#Plant_Tithonia_Rotundifolia	1
Plant_Tritonia_spp.	Tritonia spp.	reject_unspecified_species			0
Plant_Trixis_piptzhuac	Trixis piptzhuac	rescue_ncbi_genus		http://www.semanticweb.org/orestah/ontologies/2024/9/phytotherapies#Plant_Trixis_piptzhuac	1
Plant_Tuemoya_sp.	Tuemoya sp.	reject_unspecified_species			0
Plant_Tylophora_sp.	Tylophora sp.	reject_unspecified_species			0
Plant_Ulmus_sieboldiana	Ulmus sieboldiana	rescue_ncbi_genus		http://www.semanticweb.org/orestah/ontologies/2024/9/phytotherapies#Plant_Ulmus_sieboldiana	1
Plant_Uncaria_calophylla	Uncaria calophylla	rescue_ncbi_genus		http://www.semanticweb.org/orestah/ontologies/2024/9/phytotherapies#Plant_Uncaria_calophylla	1
Plant_Unona_angolensis	Unona angolensis	rescue_ncbi_genus		http://www.semanticweb.org/orestah/ontologies/2024/9/phytotherapies#Plant_Unona_angolensis	1
Plant_Unsteadiness_mould_s_metabolite	Unsteadiness mould's metabolite	reject_genus_not_in_ncbi_plants			0
Plant_Upuna_boreensis	Upuna boreensis	rescue_ncbi_genus		http://www.semanticweb.org/orestah/ontologies/2024/9/phytotherapies#Plant_Upuna_boreensis	1
Plant_Urena_repanda	Urena repanda	rescue_ncbi_genus		http://www.semanticweb.org/orestah/ontologies/2024/9/phytotherapies#Plant_Urena_repanda	1
Plant_Vaccaria_sp.	Vaccaria sp.	reject_unspecified_species			0
Plant_Vallesia_spp.	Vallesia spp.	reject_unspecified_species			0
Plant_Vascanella_hastata	Vascanella hastata	reject_genus_not_in_ncbi_plants			0
Plant_Veltheimia_viridiflora	Veltheimia viridiflora	rescue_ncbi_genus		http://www.semanticweb.org/orestah/ontologies/2024/9/phytotherapies#Plant_Veltheimia_viridiflora	1
Plant_Vernonanthura_cordata	Vernonanthura cordata	rescue_ncbi_genus		http://www.semanticweb.org/orestah/ontologies/2024/9/phytotherapies#Plant_Vernonanthura_cordata	1
Plant_Vernonathura_pinguis	Vernonathura pinguis	rescue_typo_corrected	Vernonanthura pinguis	http://www.semanticweb.org/orestah/ontologies/2024/9/phytotherapies#Organism_53063	1
Plant_Verrucisispora_sp.	Verrucisispora sp.	reject_unspecified_species			0
Plant_Viburnum_hillieri	Viburnum hillieri	rescue_ncbi_genus		http://www.semanticweb.org/orestah/ontologies/2024/9/phytotherapies#Plant_Viburnum_hillieri	1
Plant_Vigna_longissima	Vigna longissima	rescue_ncbi_genus		http://www.semanticweb.org/orestah/ontologies/2024/9/phytotherapies#Plant_Vigna_longissima	1
Plant_Vigua_spiralis	Vigua spiralis	reject_genus_not_in_ncbi_plants			0
Plant_Virgilia_3_species	Virgilia 3 species	reject_unspecified_species			0
Plant_Voacanga_grandiflora	Voacanga grandiflora	rescue_ncbi_genus		http://www.semanticweb.org/orestah/ontologies/2024/9/phytotherapies#Plant_Voacanga_grandiflora	1
Plant_Walpurgia_stuhlmannii	Walpurgia stuhlmannii	reject_genus_not_in_ncbi_plants			0
Plant_Waltheria_viscosissima	Waltheria viscosissima	rescue_ncbi_genus		http://www.semanticweb.org/orestah/ontologies/2024/9/phytotherapies#Plant_Waltheria_viscosissima	1
Plant_Wasabi_sp.	Wasabi sp.	reject_unspecified_species			0
Plant_Wilbrandia_sp.	Wilbrandia sp.	reject_unspecified_species			0
Plant_Wissadula_paraguayensis	Wissadula paraguayensis	rescue_ncbi_genus		http://www.semanticweb.org/orestah/ontologies/2024/9/phytotherapies#Plant_Wissadula_paraguayensis	1
Plant_Xanthocephalum_centauroides	Xanthocephalum centauroides	rescue_ncbi_genus		http://www.semanticweb.org/orestah/ontologies/2024/9/phytotherapies#Plant_Xanthocephalum_centauroides	1
Plant_Xanthophylum_rubescens	Xanthophylum rubescens	reject_genus_not_in_ncbi_plants			0
Plant_Xanthosoma_spp.	Xanthosoma spp.	reject_unspecified_species			0
Plant_Xylopia_parviflara	Xylopia parviflara	rescue_ncbi_genus		http://www.semanticweb.org/orestah/ontologies/2024/9/phytotherapies#Plant_Xylopia_parviflara	1
Plant_Xyris_longiscapa	Xyris longiscapa	rescue_ncbi_genus		http://www.semanticweb.org/orestah/ontologies/2024/9/phytotherapies#Plant_Xyris_longiscapa	1
Plant_Xyris_obtusiuscula	Xyris obtusiuscula	rescue_ncbi_genus		http://www.semanticweb.org/orestah/ontologies/2024/9/phytotherapies#Plant_Xyris_obtusiuscula	1
Plant_Yathea_podophylla	Yathea podophylla	rescue_typo_corrected	Cyathea podophylla	http://www.semanticweb.org/orestah/ontologies/2024/9/phytotherapies#Organism_7121	1
Plant_Zadirachta_excelsa	Zadirachta excelsa	rescue_typo_corrected	Azadirachta excelsa	http://www.semanticweb.org/orestah/ontologies/2024/9/phytotherapies#Organism_5308	1
Plant_Zanthium_chasei	Zanthium chasei	reject_genus_not_in_ncbi_plants			0
Plant_Zanthoxylum_anodynum	Zanthoxylum anodynum	rescue_ncbi_genus		http://www.semanticweb.org/orestah/ontologies/2024/9/phytotherapies#Plant_Zanthoxylum_anodynum	1
Plant_Zanthoxylum_chaylbeum	Zanthoxylum chaylbeum	rescue_ncbi_genus		http://www.semanticweb.org/orestah/ontologies/2024/9/phytotherapies#Plant_Zanthoxylum_chaylbeum	1
Plant_Zanthoxylum_insulare	Zanthoxylum insulare	rescue_ncbi_genus		http://www.semanticweb.org/orestah/ontologies/2024/9/phytotherapies#Plant_Zanthoxylum_insulare	1
Plant_Zanthoxylum_lemairie	Zanthoxylum lemairie	rescue_ncbi_genus		http://www.semanticweb.org/orestah/ontologies/2024/9/phytotherapies#Plant_Zanthoxylum_lemairie	1
Plant_Zanthoxylum_nigrum	Zanthoxylum nigrum	rescue_ncbi_genus		http://www.semanticweb.org/orestah/ontologies/2024/9/phytotherapies#Plant_Zanthoxylum_nigrum	1
Plant_Zanthoxylum_rubescers	Zanthoxylum rubescers	rescue_ncbi_genus		http://www.semanticweb.org/orestah/ontologies/2024/9/phytotherapies#Plant_Zanthoxylum_rubescers	1
Plant_Zanthoxylum_usambarensis	Zanthoxylum usambarensis	rescue_ncbi_genus		http://www.semanticweb.org/orestah/ontologies/2024/9/phytotherapies#Plant_Zanthoxylum_usambarensis	1
Plant_Zanthoxylum_usumbarense	Zanthoxylum usumbarense	rescue_ncbi_genus		http://www.semanticweb.org/orestah/ontologies/2024/9/phytotherapies#Plant_Zanthoxylum_usumbarense	1
Plant_Zanthoxylum_vitiense	Zanthoxylum vitiense	rescue_ncbi_genus		http://www.semanticweb.org/orestah/ontologies/2024/9/phytotherapies#Plant_Zanthoxylum_vitiense	1
Plant_Zieridium_ignambiensis	Zieridium ignambiensis	reject_genus_not_in_ncbi_plants			0
Plant_Zosimia_sp.	Zosimia sp.	reject_unspecified_species			0
Plant_Zygogynum_spp.	Zygogynum spp.	reject_unspecified_species			0
Plant_ampanula_medium	ampanula medium	rescue_typo_corrected	Campanula medium	http://www.semanticweb.org/orestah/ontologies/2024/9/phytotherapies#Organism_1339	1
Plant_aristolorbia_gigantea	aristolorbia gigantea	reject_genus_not_in_ncbi_plants			0
Plant_aschochyta_salcorniae	aschochyta salcorniae	reject_genus_not_in_ncbi_plants			0
Plant_chuuk_archipelago	chuuk archipelago	reject_genus_not_in_ncbi_plants			0
Plant_coca_leaf	coca leaf	reject_genus_not_in_ncbi_plants			0
Plant_eDNA_dNA	eDNA dNA	reject_genus_not_in_ncbi_plants			0
Plant_family_Apocinaceae_spp.	family Apocinaceae spp.	reject_unspecified_species			0
Plant_hypericumatomarium_ssp._degenii	hypericumatomarium ssp. degenii	reject_genus_not_in_ncbi_plants			0
Plant_hypstis_H._mutabilis	hypstis H. mutabilis	reject_genus_not_in_ncbi_plants			0
Plant_laffaariella_sp.	laffaariella sp.	reject_unspecified_species			0
Plant_narcissus_sir_winston_churchill	narcissus √É¬¢√Ç√Ç¬òsir winston churchill'	rescue_ncbi_genus		http://www.semanticweb.org/orestah/ontologies/2024/9/phytotherapies#Plant_narcissus_sir_winston_churchill	1
Plant_phelinus_spp.	phelinus spp.	reject_unspecified_species			0
Plant_salmon_spp.	salmon spp.	reject_unspecified_species			0
Plant_scleria_striatinux	scleria striatinux	rescue_ncbi_genus		http://www.semanticweb.org/orestah/ontologies/2024/9/phytotherapies#Plant_scleria_striatinux	1
Plant_spergillus_carbonarius	spergillus carbonarius	reject_genus_not_in_ncbi_plants			0
Plant_tart_cherries	tart cherries	reject_genus_not_in_ncbi_plants			0
Plant_var.Allium_spp.	var.Allium spp.	reject_unspecified_species			0
Plant_var.Citrus_spp.	var.Citrus spp.	reject_unspecified_species			0
